"","Mean","SD","Naive.SE","Time.series.SE","X2.5.","X25.","X50.","X75.","X97.5.","ESS","Rhat"
"E_BH_a",1.68314254620783,1.02149523927963,0.0161512578757116,0.021638895714048,0.30573090345577,0.859555662498805,1.48009629647663,2.36701849549289,3.83523053786749,2216.20356703331,1.00025989106699
"Rec[1,1]",280.222028957482,527.357482471721,8.33825392871481,15.0051113848151,0.0176381913915039,11.4486243673289,88.360308013561,323.830914771065,1644.83633318266,443.787744432899,1.00086586295864
"Rec[2,1]",130.071849667093,215.20301996616,3.40265851219879,4.60360685088244,0.00895516734937087,6.90001579891972,42.3077015197659,160.920905288802,750.973723877328,516.861297726731,1.00018650235557
"Rec[3,1]",35.4514636438552,57.5782821716828,0.910392577111919,1.24070429829024,0.0106361934531977,2.19549369631401,12.8945218680738,43.6206630974033,205.274637714211,640.716135401976,1.00340509667025
"Rec[4,1]",234.718224463913,380.953790127077,6.02340830037665,11.0694539126032,0.0171306028244946,12.4844498869253,85.1062883448317,293.892878343333,1305.79115729125,292.761388875999,0.999921392661687
"Rec[5,1]",126.716984548883,199.186146460891,3.14940950584151,6.68555666693473,7.06362636062978e-05,5.768626662067,47.9853373893172,163.492401406795,684.557309297919,163.099598783316,1.00306780918217
"Rec[6,1]",84.5912779869331,137.053977687005,2.16701365938416,4.44936938023976,0.000293645941005491,3.07731590137623,27.2527634738908,108.037342059211,473.990244146171,149.031892330916,1.00529118152038
"Rec[7,1]",307.717336527872,197.300583747355,3.11959614161221,3.64330951539176,46.9159251444544,161.45225484973,267.599025397588,408.608136476903,796.986988561655,2495.16654557409,0.999904628927371
"Rec[8,1]",94.9002571228073,80.5468394725792,1.27355735530653,1.72110516258806,5.77013220085756,34.5148920002762,74.7200625915815,130.737937977783,303.125795857401,1555.4074840374,0.999862594821766
"Rec[9,1]",23.9449885064609,37.0442702568133,0.585721341351803,1.20613147674344,0.0007320119509864,1.17883437700067,8.56724389502861,31.2704979382094,126.844240078982,269.278633991859,1.00168595634345
"Rec[10,1]",34.8436138124409,55.0785781359444,0.870868785965678,1.41986683536469,0.00428950768046344,2.03598033099974,12.9693467594694,44.0507802542434,199.368614691707,371.418011847687,1.00222898726513
"Rec[11,1]",68.9082211042233,59.8691291690377,0.946614048524915,1.10932840892988,4.12915447344734,25.260735942475,54.0851196732754,95.1202046971816,220.68901862802,2261.07292976033,0.999990238569273
"Rec[12,1]",87.0864333613675,142.076261325458,2.24642293614871,4.04902195434181,0.00585947154792517,4.13681644608957,29.7996995262941,108.321893071797,494.023093673531,302.565166775781,1.00001339758282
"Rec[13,1]",38.8946894805164,60.4750562643892,0.956194597111518,1.48428965311643,0.000761624472626226,2.26919659253967,14.5268996165508,49.9417878879509,206.080860221299,470.558707999364,1.0000562662918
"Rec[14,1]",280.659424585261,157.107444009689,2.48408680218997,2.48551996342118,65.5255759771613,165.628793799138,251.2870904334,361.573064669315,677.239120090553,3647.39020385301,0.999935806202268
"Rec[15,1]",34.0722531039506,55.6562598404443,0.880002735709818,1.31966997142341,0.000696080150163449,1.68349497332846,12.2726597871337,43.4413033201683,180.399660267208,257.713442728959,1.0008167245463
"Rec[16,1]",70.1148193665963,107.962840194952,1.70704238838413,2.69491171226412,0.00206036551181259,3.56326765402809,25.6688900254886,88.7348975977193,387.078825760063,297.378292256792,0.999800497907066
"Rec[17,1]",141.129467690386,127.325400726118,2.01319135144095,2.11031230781241,8.95936917345987,52.2881965828104,105.752736026414,189.881846083943,467.3453445801,2910.27939811494,1.00048693026233
"Rec[18,1]",59.943904960554,101.135716379819,1.59909608276513,2.14341911824658,0.00158254360510964,2.51336618070541,19.4996371511027,74.4459492954007,343.663223157015,480.80166842438,1.0010735285645
"Rec[19,1]",118.307777254949,200.769050249601,3.17443741228768,4.81870298113958,0.0168996926832991,6.63574875755357,42.5448369694768,146.041942479516,677.532242593103,680.738485887447,1.00048761806095
"Rec[20,1]",79.9155565402619,125.288186073666,1.98098015951887,3.23712670147771,0.00289322658741609,3.66513444696602,27.9864730568786,99.8304850996506,437.604852313793,419.146139761507,1.00005048865472
"Rec[21,1]",78.5701430171294,126.017425656451,1.99251044972662,3.04538337700439,0.00291075065725685,3.98352096920541,28.142901970393,100.90977610496,434.858494989322,330.957732383456,1.00525502551021
"Rec[22,1]",84.8239841112488,130.474892240312,2.06298918472207,3.65587752301275,0.0200268928555014,5.84662573380658,31.1434936024442,108.123739524802,471.62834422794,349.325806180381,0.999990236021207
"Rec[23,1]",65.7049216270552,105.07429070107,1.66137041071015,3.81851204177161,0.000206406792758146,2.26819684005156,23.2551018614752,84.8306550843419,366.254154628525,133.42224998211,1.00261468819902
"Rec[24,1]",33.5132031431777,57.6577219333258,0.911648630029784,1.96677279038691,0.00485535345602773,1.43877399409718,9.93810301681459,40.8698422839486,197.759064887395,185.714578201932,0.999865058239432
"Rec[25,1]",123.769369855619,70.156099532515,1.10926533138111,1.21697792295978,28.3515843651231,73.5497625641813,111.320286719861,159.052907401655,296.746635122157,2940.98911858548,0.999791283066083
"Rec[26,1]",59.8853120950226,34.1429711663594,0.539847774855757,0.583035853638943,13.5301048308866,34.9261669400436,52.9440383056692,77.5756531203505,141.873457928509,3340.0616585571,0.999771143114626
"Rec[27,1]",6.28150930295703,9.50509496859964,0.150288747384907,0.300948902000565,5.63569345252824e-05,0.334483299038198,2.37272016745397,8.31908323172848,32.6842135610174,182.288281065514,1.00844064748968
"Rec[28,1]",66.7101263429314,37.6183802084609,0.594798816724681,0.67858387220419,15.1744551444236,38.8974261283179,60.0911157770235,86.2135264647969,155.579127215456,3150.24162350935,1.00012978025321
"Rec[29,1]",88.8090824372887,41.0188649711068,0.648565201717972,0.693068700771706,30.3366587711478,59.2254498647424,81.7679125702556,112.348019953594,188.895582640602,3224.21385269991,0.999793146767736
"Rec[30,1]",96.9870093570124,49.4194711408802,0.781390447830706,0.839810091549937,27.3926464789529,61.8435127929764,88.0042406095745,121.586161366309,221.918459437495,3521.8240712085,1.00044478728428
"Rec[31,1]",83.9585405333132,37.5590270138827,0.593860360318309,0.594016629468594,27.7943826445231,56.0090693809225,78.653220280095,105.035426838938,172.578322550328,3828.63167065955,0.999903977767615
"Rec[32,1]",190.911740409732,63.1884493013344,0.99909710803146,0.999352361763126,90.7006261572772,146.082535591168,183.29277647928,225.721146057899,334.738201120576,3534.81932447903,0.999897780706278
"Rec[33,1]",146.219569256052,283.294518062471,4.4792796285856,4.61595199674231,0.0163593013669946,7.05085856022026,44.4219095020202,162.713888780873,891.15965132931,2221.30425528635,0.999831306790202
"Rec[1,2]",4792.97028885144,2179.69350119912,34.463980324281,36.5039616071433,1449.95735022067,3105.9558485886,4464.62301485192,6171.24676458039,9749.07907324945,3586.55627209754,0.999848054939432
"Rec[2,2]",2178.76932044763,503.113557949735,7.95492382416139,8.10134125582007,1334.83333942992,1831.65049042934,2141.34657391061,2470.41881115521,3294.85194547459,3707.81748310813,1.00013475584543
"Rec[3,2]",3034.25592073024,1156.34515437773,18.2834222456633,18.5194395230712,1126.41167180935,2205.93094644289,2917.47118499721,3734.95345322919,5608.81645585087,3838.99076899628,0.99993744953816
"Rec[4,2]",5364.86578028699,1196.959005533,18.9255836166718,18.9189117165148,3285.08100964636,4514.06199933372,5287.78178887133,6109.81100369419,7904.46197101676,4026.25429461237,1.00040322347362
"Rec[5,2]",4968.69546624179,1137.49937266478,17.9854442731668,18.326085972611,2963.7960983818,4169.38413699864,4901.67409770082,5698.49184458417,7387.11476858329,3667.1080982612,0.999900400592856
"Rec[6,2]",3752.90903592094,751.680909365713,11.8851187363112,11.9464031577309,2445.4911823775,3224.24706511751,3711.63642247423,4206.05204254594,5337.02330460047,4041.31674220761,1.00032643968444
"Rec[7,2]",7401.22741247959,1192.36118238412,18.8528856495263,21.0774957577058,5139.94435898786,6585.32933654884,7392.52790321186,8188.53726530949,9873.58172539525,3032.96747402349,1.0001829818132
"Rec[8,2]",4431.25645292467,731.869653684479,11.571875280008,11.8724898403202,3103.77964330345,3933.17432629439,4403.2381801094,4893.26716928312,5941.30000971125,3574.26603409747,1.00027221423089
"Rec[9,2]",4549.7982902526,811.54866224422,12.8317110237722,12.9230906637575,3165.47569921932,3990.2735536436,4487.34063651868,5027.91530213117,6353.40727980337,3722.11440232481,0.999918138991037
"Rec[10,2]",1245.31586999367,305.211040270996,4.82581027142861,5.42673656061097,746.135504550407,1031.61583623249,1213.06302779671,1416.39108059254,1946.54145344837,3042.31647848938,1.00050613182069
"Rec[11,2]",2724.13885887858,769.843684372076,12.1722974245577,12.3668441282601,1406.96858258015,2172.45908370359,2680.33280157054,3202.47497934855,4359.06522302698,3925.24865912725,1.00038552415363
"Rec[12,2]",2136.64275410426,505.489298613637,7.99248758230044,7.50341080386863,1255.4992372674,1771.24565987774,2099.03591902765,2448.63546125551,3221.16846586586,4041.17093446829,1.00021557859462
"Rec[13,2]",2816.94384923718,577.774763407246,9.13542113465903,9.85431145644229,1736.95446643319,2436.17206676426,2787.78877170686,3185.57689948412,3987.56864396503,3385.89071994145,1.00031149197253
"Rec[14,2]",1600.37599715213,425.890645095265,6.73392236329728,6.73304111477729,863.172374151782,1296.60533803748,1563.86867392314,1868.49856797513,2501.71196027806,3505.17471170733,1.00043551539921
"Rec[15,2]",3303.90503661222,1196.65830699088,18.9208291552609,19.5081204829269,1548.25546201178,2460.52213925318,3107.1103313618,3924.12816246199,6142.0214095564,3748.20099547396,1.00133279422091
"Rec[16,2]",4201.47741236602,1417.72227015865,22.4161573162294,24.9312499473855,2116.27170697069,3201.60597674546,3968.39803383358,4945.30007873511,7651.7534193321,3580.78466142546,1.00063136729797
"Rec[17,2]",2542.13610361025,754.439927506304,11.9287426434612,11.7120705351679,1264.38773580213,1990.52328188451,2484.96932457765,3012.69656803939,4195.04848454616,4110.61503895285,1.00006073264826
"Rec[18,2]",2013.59140745657,856.658441618703,13.5449592616274,13.213122238247,692.055431874717,1380.97938771569,1903.06301783646,2516.03308476591,3967.01785014951,3705.96884429784,1.00107866063701
"Rec[19,2]",1606.8844865497,582.087942878907,9.20361849009667,9.53095097362346,670.673474813593,1187.63154785121,1548.65711238917,1948.33561568298,2915.61610953678,3672.64752955309,0.999931368705215
"Rec[20,2]",1376.39643355622,481.45610277963,7.61248939085878,7.77270156361715,594.215924864714,1034.80690306975,1323.77525149085,1661.70609415944,2440.77022595549,3590.28217525688,0.999950625065897
"Rec[21,2]",2223.97761550219,658.246985123428,10.407798679645,10.8889191127686,1113.07374550609,1752.25959922975,2159.71840591849,2628.54781678944,3658.9713373169,3650.45157116811,1.0002100863265
"Rec[22,2]",1742.91640076107,606.315947765892,9.5866968831195,9.67661917834804,754.795894990532,1314.48534903153,1681.19508467582,2106.14251469427,3107.69152721674,3664.79601341586,1.00002965790472
"Rec[23,2]",2466.60994769782,542.33913088046,8.57513458909207,8.86543852349769,1499.94748892254,2094.75539081804,2434.03393895273,2815.19456464366,3571.84379938853,3344.20800337383,1.00012021093426
"Rec[24,2]",1112.2305893017,258.997872955802,4.09511593839631,4.29405049199446,653.484184742012,931.787097063974,1094.56481825692,1273.27204869083,1677.76236347644,3485.57481561746,1.00003803614419
"Rec[25,2]",2285.86563519963,401.23310845154,6.34405247688111,7.907452563803,1519.44530302765,2020.40319859301,2290.98815314806,2542.11493406466,3094.31159798043,2719.36743626256,1.00036416862418
"Rec[26,2]",693.096618240083,135.169270710094,2.13721382553891,2.23249739016314,454.665980087646,598.105338771182,681.881432895863,777.438490848243,979.88967711649,3567.4057913918,0.999916892639014
"Rec[27,2]",2324.84554918267,444.004825834253,7.02033270871306,8.36003525377546,1440.7618430227,2021.26505692876,2339.96044872304,2634.8365689961,3129.12247547914,2730.97628750827,1.00077776736298
"Rec[28,2]",1534.31409132208,306.333242078911,4.84355383996546,5.85029297599364,1092.31130287022,1318.30048622379,1485.06893473455,1680.77501199588,2299.44385683609,2850.17657194303,0.999863684328705
"Rec[29,2]",2759.94775095071,513.314568573652,8.11621596419714,8.27960225050809,1975.60477176868,2435.12407110269,2666.25439784118,3001.79518027484,4048.88813742279,3856.06988239504,0.999916734709448
"Rec[30,2]",1831.23710689378,317.730508043569,5.02376043770063,5.09231051067538,1255.71678409575,1622.02142543147,1818.47191668386,2008.14000681731,2531.48659730052,3808.77538712077,1.00008027109411
"Rec[31,2]",2196.78700758642,406.312269694422,6.4243610675349,6.58461656231809,1457.48036759065,1938.9352447717,2177.7135698673,2416.75520136368,3075.46145233105,3522.95510761695,1.00032955103102
"Rec[32,2]",2233.28250360698,1279.09055759257,20.2241974780365,21.724423028771,623.934065369091,1364.71925473587,1961.17747938669,2775.26497004806,5602.83557327236,3556.41561222832,0.99976128490245
"Rec[33,2]",2852.00769055147,1963.93014132881,31.0524620602772,30.7002772074635,695.998118070909,1600.42555174716,2371.85168564381,3538.11879337627,7852.93876892979,3904.12919725414,0.999904986585913
"Rec[1,3]",5284.16042318398,950.167665001439,15.023469902242,15.8277537381658,3534.99598262323,4670.76213540558,5249.37113361856,5855.88950521657,7396.24172826192,3455.8360380661,1.00008902701103
"Rec[2,3]",3005.12147412222,1117.99484974996,17.677050687738,18.3853770028338,1186.3702297273,2214.01711115273,2871.06268621886,3638.11064892309,5518.98066205402,3787.30808191947,1.00004420219917
"Rec[3,3]",3457.71301823961,965.446024048814,15.2650419697397,15.9600128735016,1775.72816297839,2775.56798960598,3384.02926990829,4052.16134454229,5518.52623692884,3622.71764447802,0.999891243380695
"Rec[4,3]",6578.17326340803,1305.63664236343,20.6439279322156,20.53448166256,4299.44702551202,5642.18528996086,6518.96218779926,7395.96933428421,9348.85082985833,4053.81667951925,1.00027857732566
"Rec[5,3]",5280.24247795851,955.08490187743,15.1012182438555,15.3889637505444,3567.56463453933,4614.9289618846,5213.0437374939,5866.43791643131,7337.45351254022,3744.84597492492,0.999870155139535
"Rec[6,3]",5528.09152978833,925.746783932154,14.6373418690069,15.7881368227097,3721.79133289675,4902.88759583381,5532.62377697171,6136.09347586599,7352.46733371752,3400.13289612221,1.00023565518001
"Rec[7,3]",7579.97509793714,1158.43803170141,18.3165135416941,20.7966981445713,5315.78901370116,6837.9450624952,7566.77322831365,8297.38518761874,9984.61854474596,3142.95357347403,1.00054118807434
"Rec[8,3]",5014.03137884413,873.519552574084,13.8115568341265,13.8105086584829,3456.33166508195,4421.91233612915,4944.92621640501,5527.68596069316,6909.56512748206,3793.81759537474,0.999992062897303
"Rec[9,3]",4707.99935612477,846.045970741572,13.3771613637577,14.1606963606209,3403.52866218932,4149.14938454165,4576.52324638039,5109.241436827,6756.22363829904,3565.65386688695,1.00014397257008
"Rec[10,3]",3968.77327211369,988.439065981132,15.6285938839492,15.433247234802,2279.94954449063,3286.69394265341,3873.86314218069,4535.51632420161,6174.07562645653,3864.03213310864,1.00006713202813
"Rec[11,3]",2826.92528207287,607.003608376268,9.59756975204934,9.80481366954606,1751.36938997652,2395.77427415494,2779.61695809111,3184.61946536037,4158.15629226922,3521.11298891221,0.99975270929515
"Rec[12,3]",2502.80096765305,541.319576683957,8.55901402179741,9.02424937119084,1505.60870569785,2130.4902958785,2484.90316256709,2847.31557445856,3615.30084204531,3548.53259533073,0.999816670990252
"Rec[13,3]",2857.80742255055,608.515553800719,9.62147570824502,10.5698267930121,1702.9924329827,2427.83175532006,2862.28475256833,3262.11881395756,4056.23706657623,3112.71885793434,1.0024615579437
"Rec[14,3]",2089.38918274506,798.169114749036,12.6201618030362,12.4456412118788,925.742122804919,1529.49565508158,1959.32684946794,2489.32121160522,4103.21191949125,4009.33329628217,1.00017255752553
"Rec[15,3]",2228.70751309953,805.486227008459,12.7358555062108,13.2172837372909,1040.90341280948,1662.74424697352,2095.66727322915,2652.12031615836,4171.47780314104,3666.50543772393,1.00009257580648
"Rec[16,3]",3478.13473491695,925.386597139485,14.6316468157671,16.1867170426798,1885.31131824969,2833.37099507481,3413.21557446433,4036.35878394079,5492.08142021256,3297.30289537887,1.00003172598849
"Rec[17,3]",3896.8082325927,1227.23299792892,19.4042574658604,20.6296350386219,1794.6390485908,2996.71048827419,3776.9654528771,4728.51953729544,6506.72602650869,3283.83430004781,1.00048698767224
"Rec[18,3]",1846.54937889881,629.411841638114,9.95187502928824,9.95108866368577,825.934067334178,1391.52695563359,1779.94559760953,2231.13288356587,3249.31362868716,3781.24189436555,1.00000395601424
"Rec[19,3]",2784.52729432965,668.541600009882,10.5705708330224,10.8004621317491,1632.82080914208,2324.62371144449,2729.99622822955,3173.12113618852,4258.80063959134,3217.23202963831,0.999978837461956
"Rec[20,3]",2745.71158345222,747.049425773092,11.8118885508193,11.3373610114944,1501.00281916004,2228.90314611766,2677.27696522988,3165.91156945053,4458.49291008757,4096.32413251865,1.00053277361966
"Rec[21,3]",3790.34822476771,887.45007867228,14.0318177915001,14.611328073919,2237.32528875218,3176.24062531849,3738.80218568475,4326.6600960907,5731.06647420756,3681.64835155911,0.999890791057152
"Rec[22,3]",3156.25076262873,648.232103398742,10.249449495909,10.6278052079687,1957.01280532138,2717.40225953199,3133.55238832458,3554.4741962246,4522.81115263498,3531.08022385025,1.00091566045472
"Rec[23,3]",2972.19974417914,534.563218750914,8.45218662301858,9.4285570592504,1948.83972013264,2620.00907355269,2962.55009799355,3310.62510841839,4047.24587142271,3156.82513414675,1.00045437222949
"Rec[24,3]",3421.22846717719,566.07384119352,8.95041331005985,11.0300916455901,2259.27237826934,3062.91709927018,3452.10477048154,3784.086460222,4517.91393520196,2792.9580084168,1.00025921519989
"Rec[25,3]",2655.34717779969,403.226742318394,6.37557459607965,6.57031880329561,1882.20756345441,2400.66725215544,2644.53287916672,2896.03552728776,3518.85921054972,3416.28670190964,1.00038575582631
"Rec[26,3]",1399.21121800944,284.914310888734,4.50489080192856,5.23718965838212,835.000787628428,1206.37924736168,1402.20102630627,1595.28217238721,1928.72492032927,2870.82569792834,1.00066590074635
"Rec[27,3]",1075.59405918723,220.147836761597,3.48084293062797,4.15817467523819,742.815725511968,923.155080982579,1042.9749814723,1188.31794787376,1602.17053490985,3258.80605166931,0.999829856648861
"Rec[28,3]",1352.58799875155,272.953490630866,4.31577362843484,4.3876496922845,924.866927893603,1168.80563418892,1316.43047062432,1493.81201121703,1996.85398411583,3852.84610469406,0.999961802128938
"Rec[29,3]",3140.82441397617,516.065260294905,8.15970821909779,8.69014973915415,2179.65473559874,2824.21162853452,3114.14299307225,3420.09373941079,4296.04063008428,3820.28994240425,0.999868849480668
"Rec[30,3]",3219.6468506928,571.008821002973,9.02844219208393,9.69186697627854,2157.96656003931,2868.3615548864,3201.75516212687,3529.7802329755,4489.12044280057,3467.40856873182,1.00023029203195
"Rec[31,3]",3092.48960542372,1378.16135170834,21.7906442730737,24.8577536893668,1143.85471863473,2134.2169505964,2830.24188935798,3770.8906201118,6425.80535954498,3109.09392430423,1.00029779557261
"Rec[32,3]",2807.4713707782,1593.89937001551,25.2017618517826,26.1541516397806,857.037998905801,1737.42200040545,2460.91914283212,3473.920648144,6847.17097266503,3488.34393686875,1.00010179384295
"Rec[33,3]",3592.27322759213,2379.4122665668,37.621811274474,38.2486817289407,942.220726643398,2095.09045164177,2980.23719465509,4429.07355164366,9883.45117432808,3743.61916234817,0.999783658843887
"Rec[1,4]",1786.85881399949,1032.44464726315,16.3243832170035,16.9981785752266,368.868849357118,1036.35326958374,1587.49007247283,2297.96896556413,4268.01187492564,3672.29020762863,0.999980217175298
"Rec[2,4]",877.264201923351,442.331933162313,6.99388195309138,6.99287071978472,241.219259426691,558.048605505034,804.832671552685,1111.40907178855,1930.52105614493,3954.47754720198,1.00045665792599
"Rec[3,4]",1155.08165015571,485.573199837193,7.67758641110816,7.67893097399174,412.930873618461,796.360251248414,1087.67974547663,1437.61421929017,2240.38563410363,3688.09412353108,1.00023718573407
"Rec[4,4]",2010.8941656921,528.332392268588,8.35366860607136,8.1233257235645,1133.10060744117,1640.37577407285,1953.65019282282,2327.68774595127,3203.62593138599,4202.60598645472,1.00032004602358
"Rec[5,4]",1519.40525306429,377.542064551866,5.96946418253108,6.07845026314846,868.430391731092,1253.7965093322,1485.80753066489,1744.98034180319,2348.48747635231,3565.16572549014,0.99987507938786
"Rec[6,4]",1807.15328222396,384.099170579466,6.07314113206324,6.20660176796217,1125.23121487658,1531.81845356171,1785.74605849323,2040.72124659208,2612.80086102699,3476.0287689369,1.00010373577218
"Rec[7,4]",2295.75259590825,527.380754267828,8.33862188811951,8.41194553250641,1407.05678879864,1933.17411531442,2241.42380052042,2607.24162049995,3436.41275362673,3826.85282992948,0.999889365828317
"Rec[8,4]",1735.44594740293,394.067843095832,6.23075968406344,6.41371444652799,1117.53955189719,1468.97327493045,1688.28256640902,1941.86559108855,2657.21341061099,3553.2639891375,1.00026141147727
"Rec[9,4]",959.623967449055,520.567590285339,8.23089630683507,9.20216158393839,205.870250312962,580.532194407617,876.125665727064,1253.45905197793,2204.64726869324,2927.52461027858,1.00041611549601
"Rec[10,4]",2261.38391704967,536.272445949632,8.47921187795188,8.84822646834469,1351.19216420226,1882.82676029741,2221.99549980038,2580.89503109317,3416.02634404083,3631.41976167789,0.999764489698834
"Rec[11,4]",1502.38167531382,401.955182285531,6.35546946665222,6.45900298908769,803.233137005757,1224.26538320518,1476.36278990049,1743.01558304463,2374.1871058274,3711.60506651118,1.0000564458266
"Rec[12,4]",2453.54582371941,552.617993952597,8.73765768441681,9.72207786710786,1447.85833199294,2073.95091432922,2419.17812314431,2807.76314217838,3579.2895689585,2989.76144166408,1.00039942889535
"Rec[13,4]",624.24820773614,334.248950381131,5.28493994362491,5.49501127859164,153.836674756177,379.488902179519,563.364778575885,797.384533867454,1429.78595641056,3618.81746035389,0.999926792282769
"Rec[14,4]",600.239947275222,293.922043774887,4.64731556430179,4.96322440625443,201.107844808999,387.157266941164,541.385347774653,748.205249518652,1330.14941695927,3428.95352798837,1.00071228135908
"Rec[15,4]",1242.17444731704,511.782494369393,8.0919917440479,7.99884104706547,455.50105070925,884.735915636456,1171.60727119331,1513.71040927995,2512.32751371831,4044.02087477058,1.0003795546243
"Rec[16,4]",1701.31538113682,956.418707183933,15.1223075574744,15.3834960978419,364.441475374287,997.534367041428,1524.63169792314,2211.25496882487,4035.14740296493,3639.50492898273,1.00054190432319
"Rec[17,4]",878.500861944404,455.528374005066,7.20253600344524,7.08716758861701,207.439582471255,538.56326127672,815.214795952741,1141.09177432596,1953.94564518384,3801.38918800674,0.99994907497634
"Rec[18,4]",624.471869474288,302.917752620658,4.7895502099036,4.62863009705638,193.14504814292,404.884246596429,571.713958517987,795.064408684812,1327.45738982055,3890.23622921132,0.999773982709496
"Rec[19,4]",567.313613689301,315.939262249993,4.99543835491616,4.93712115417267,120.266245077379,334.469384944823,515.841358433564,742.553194493051,1317.81857124892,3732.11386990454,0.999952325002435
"Rec[20,4]",925.824314037018,415.492297484569,6.56951005153744,6.69277376377523,306.60170553287,621.196326578113,859.193677852626,1158.76164230089,1866.43729768701,3884.34389866246,1.00016285922447
"Rec[21,4]",1221.55923984572,368.37468772768,5.82451522786372,5.89476282320266,622.466456759007,961.001151746139,1179.59919212894,1438.15469719915,2028.0181483039,3858.34738932243,0.999930608209115
"Rec[22,4]",1883.93791567166,377.28509995415,5.96540121549702,6.34828298104188,1193.57378887105,1625.03627041826,1872.87802457415,2114.34494930952,2689.70987323443,3458.60326073749,0.99978955243044
"Rec[23,4]",612.17338428743,138.38674608661,2.1880865780654,2.33632342382709,362.158681993448,518.037901717628,603.65692245185,700.215037123105,911.098265380209,2890.04598448629,0.999957507936757
"Rec[24,4]",1059.00569985206,189.164634033264,2.9909554814866,3.10012333319304,717.50884226428,931.386144485161,1047.21571438035,1171.30782792372,1469.1739726773,3702.28310889188,1.00044303943373
"Rec[25,4]",482.922714161829,127.187533162112,2.01101147385235,2.26435798734603,257.850391336876,394.748648837734,473.50402706447,562.862023157827,769.302150769941,2959.1761843834,0.999808597298103
"Rec[26,4]",317.44643690307,86.6126029619971,1.36946549717879,1.52370577585331,179.341429827876,256.038592291927,308.043850446059,367.484125270198,511.84276214744,3184.87192908698,1.00019134075538
"Rec[27,4]",256.941646108942,81.288036029761,1.28527670187938,1.32505192418819,128.372117229316,199.136243515525,246.059438650733,303.826020469105,441.460109151677,3569.9756784621,0.999752090327591
"Rec[28,4]",576.652952189107,128.560119448353,2.03271396860053,2.1179024538474,360.370275796651,487.91052150242,564.662006979134,654.305507788328,861.359798709888,3846.5387249647,1.00069828752688
"Rec[29,4]",654.276884957928,144.844944299108,2.29019965772701,2.26710182519219,406.491522120682,555.29046606763,639.834768650257,738.773010026269,980.883217755115,3647.89045667903,1.00022249419967
"Rec[30,4]",972.654347342644,589.715228066399,9.32421645787737,10.1183938088534,200.846871447597,546.311755058579,853.774176001155,1263.44612808243,2410.85255067855,3173.31277579753,1.0000127473085
"Rec[31,4]",1056.61632746295,685.747466527836,10.8426194695902,12.2891689620935,207.574681738231,565.040804520409,905.51418381314,1378.55593556378,2817.21600864834,3341.70716785727,0.999871665273393
"Rec[32,4]",965.631884324526,716.297554960397,11.3256587804225,11.5819655743839,169.705918657961,478.569412176922,779.129461749991,1244.46185570574,2855.36167505507,3444.74572520043,1.00032451767598
"Rec[33,4]",1249.68710076189,1088.91769504298,17.2173005039822,17.5364645179109,177.182560846616,566.0145115177,981.344551112971,1599.92061882069,4062.08058657765,3825.14739586601,0.999856953963948
"Rec[1,5]",145.090927982792,203.874102441064,3.22353259818128,4.55292077442883,0.105148714285265,14.4925913795734,71.5451789683506,190.869963468143,746.373920833262,553.566657005913,1.01143695547174
"Rec[2,5]",87.2905942023407,123.149370073681,1.94716250923905,2.4746261293733,0.0468312181592554,8.68784956856742,40.0334039943089,118.153008072785,446.805630916153,731.546470996759,1.00721190207663
"Rec[3,5]",62.182691263259,85.0937064765998,1.34544963505938,1.62576839117926,0.0785502185993908,7.27648496047621,30.2283803760739,83.7243511327455,304.340135573007,818.510588465176,1.00419178755905
"Rec[4,5]",369.997277760027,164.551105962485,2.60178143170583,2.695018250623,123.978286559118,250.585483065548,347.217678598828,460.957841348205,759.801444192365,3684.7322822324,1.00089237068432
"Rec[5,5]",262.271080974091,127.020781581051,2.00837489985443,2.09841136617856,76.5373777473601,171.080134592519,241.102466231517,333.205803693107,568.432707331379,3634.7552891382,0.99992727592149
"Rec[6,5]",50.782189606368,70.8476746337631,1.12020009384613,1.81584241382029,0.0713227839394247,5.634321450196,24.0666554308652,66.1485269704821,252.254025019563,520.906490713793,1.00174023553486
"Rec[7,5]",236.30325503789,117.578217794678,1.85907485727261,1.96178570208366,66.6800501489495,151.100339503456,216.216673217365,302.078780509476,522.957918497106,3476.22964349359,1.0013028987021
"Rec[8,5]",155.42613401299,214.530092402904,3.39201859319781,6.24346802771284,0.0659180777021183,14.9407194694603,73.1102508385482,211.421348725056,766.066785723817,285.452745717547,1.01636077173317
"Rec[9,5]",849.587450331486,327.588614289497,5.17963078346596,5.17956233973084,342.850388064567,612.290752165021,804.060087918674,1047.53644962897,1596.81619555513,3841.47348027919,1.00042580627209
"Rec[10,5]",50.3943273271085,70.1400106287823,1.10901094347685,1.70567445794075,0.0281714184160428,5.88733187942842,24.2396437481298,66.1766288298123,247.735830399244,533.058242885893,1.00535043524634
"Rec[11,5]",521.156147425893,219.584280009576,3.4719323159922,3.61051220246328,188.888025947961,361.654599221777,488.942433821731,652.945778545392,1034.27465729928,3412.67174078551,1.00036804404015
"Rec[12,5]",87.3212264585371,123.470351110872,1.95223766505527,3.11152153217445,0.0594108588445977,9.1830600663686,41.4925372924918,113.716666702358,449.28793732311,687.556161893702,1.00121507227267
"Rec[13,5]",55.3894401739653,78.7309774968334,1.24484605650728,1.83656092528202,0.0452194856267578,6.26131037944213,24.6274986323119,72.6293943534736,272.885193216164,656.017490496893,0.999869135951302
"Rec[14,5]",93.0526539853386,128.717522847011,2.03520273485658,2.54308443253701,0.152182866084859,11.7099811648491,46.1115304093877,119.50961339033,452.267097561771,1105.97306780875,1.00050325122847
"Rec[15,5]",221.011215692617,332.638120726891,5.25947049047519,6.73298069505772,0.168232940891309,21.8326200601725,93.9029855338301,282.270374859913,1120.91948901254,635.934467717581,1.00583084692982
"Rec[16,5]",158.186158451505,215.654223008455,3.40979265870304,4.8385666555573,0.0660474689149795,16.9420118134967,76.1925302193038,210.730119226934,776.633683344309,651.064640696749,1.00144579770933
"Rec[17,5]",91.3621397838314,126.574631754918,2.00132065171309,3.03842813781699,0.000696871943064159,8.49212755273394,43.2615140411623,123.33081745601,446.558151950603,394.666372042708,1.00096257787474
"Rec[18,5]",241.847527731054,199.023155955378,3.1468323996695,3.27524789746597,15.6520893231212,96.3957561486331,191.316013115118,327.790411526828,754.539187563348,3470.25773185812,0.999848887324125
"Rec[19,5]",89.568733402126,122.681718671511,1.93976829132991,2.44147133774451,0.131157329258986,9.90926841989832,44.3340398960272,119.499104545379,421.410145410407,960.91877588533,1.0042809384289
"Rec[20,5]",213.810858050305,139.833613310053,2.21096355755503,2.35135542229119,35.6353313331285,112.116971566176,180.623401489002,281.61935767825,564.882561403648,3942.75341547128,1.00037141118117
"Rec[21,5]",98.3900173567645,63.2344576188289,0.999824563404433,0.988146233616719,16.0302171443327,52.747264207942,85.2193680157489,129.753961657002,255.068409421297,3499.88437825436,1.00012925492283
"Rec[22,5]",29.5436416653778,24.6789967801058,0.39020920096548,0.445936699389052,1.93110268051003,11.6087691432087,23.42443237284,40.4914535686602,95.7368881214714,2307.28708959445,1.00046179214649
"Rec[23,5]",155.463762661852,51.7639295637478,0.818459590309846,0.840153073739105,75.2053049492332,117.575643974636,150.148710069199,185.202777769272,272.747650656323,3822.38175878544,0.999773024680764
"Rec[24,5]",110.6280237564,51.5351706532795,0.814842594349154,0.852208557309856,35.6572919952883,72.9645492397196,102.183299220448,139.610827024021,229.270874907488,3386.21138023042,1.00005405189808
"Rec[25,5]",41.5578210845403,27.0545893898151,0.427770618162203,0.515208552278683,6.50089398148038,21.9451680155184,35.4904610778723,54.774836624464,107.733664270892,2403.8676034409,1.0017084595713
"Rec[26,5]",30.7500354885135,25.5061349611351,0.403287403924187,0.504790646870176,1.63691216812164,12.2167695512411,24.3427596172648,41.7614435797497,97.1535874414716,1851.66036224305,0.999829132834167
"Rec[27,5]",24.0880217304168,19.9426479226553,0.315320950052081,0.392509504916553,1.8116066823629,9.55105259923606,18.5898561459763,33.1477764435892,76.5484810172363,2022.18160648322,1.00027128566751
"Rec[28,5]",24.2064764858474,19.7917844913351,0.312935589759079,0.403545424702317,1.90185197379272,9.81650363810477,19.1082843660698,33.1782731068595,73.6284874869743,1958.55489745347,0.999955943375306
"Rec[29,5]",146.524637947661,209.719806774627,3.31596129929116,6.95967021765279,0.431556938001644,17.1389541506303,67.3318000733395,191.302131785442,756.161886741757,325.052225654656,1.00221816818091
"Rec[30,5]",155.476254379053,221.03109998243,3.49480854838441,6.93905452910621,0.0956571576818463,15.6411929549543,73.3275177388529,207.136672951817,767.834375934014,353.937266108277,1.00846479795676
"Rec[31,5]",174.340990938014,266.008630101848,4.20596574191534,6.43859035681891,0.218328016511671,17.9707529013464,75.2579266034639,231.002948779057,899.6644186393,668.742589338318,1.00137382347014
"Rec[32,5]",144.102661061236,233.923786965875,3.69865982852086,4.56756010788652,0.0587587193137331,13.0732481284049,58.9932423299796,178.047212004852,771.027793496205,861.624073101359,1.000459569863
"Rec[33,5]",193.415827588377,331.544065562039,5.24217195944119,5.67590434508422,0.116163297361239,17.1897894145966,79.4127736401778,226.849319106461,1061.41977021602,2385.55557534816,1.00090335200485
"Rec[1,6]",33.4491763476587,85.8655708772022,1.35765388281291,2.81425669426036,1.3277350689475e-16,0.00442405210338057,1.27537589036644,23.5803088642424,280.148115824971,49.622736467422,1.01330833371088
"Rec[2,6]",16.0351917369061,43.3231574093133,0.684999264217148,1.1059373786768,6.88005556325742e-11,0.00360377247580741,0.697624652432973,11.2676002767191,133.259498310899,119.486821359037,1.00879612365448
"Rec[3,6]",9.7086909774027,26.3422299523768,0.416507226487097,0.718167043342144,1.38454104382545e-13,0.00158993192573709,0.295822344702018,5.95268374537112,79.8863358418205,90.7003681747489,1.0032855715341
"Rec[4,6]",11.3684572914951,26.9151903073072,0.425566525139891,0.931887715219345,1.96617117342419e-07,0.0336487455568427,1.00807339721979,9.30282482822407,87.1256903528263,102.7252821295,1.01003165640043
"Rec[5,6]",104.8214736473,99.9807557889056,1.58083455239003,2.02112855691203,4.02119710830006,34.0961086843064,76.0264750172665,146.066891705334,359.862571908235,1602.43756764646,1.00128159965457
"Rec[6,6]",7.41781567237105,19.2790643429894,0.304828772403921,1.18187237452155,1.82132785713883e-11,0.000114658211353384,0.143170610347074,4.71815220763917,64.1792889161031,36.0840160936436,1.00581523867372
"Rec[7,6]",46.9815998655791,126.732268090632,2.00381310102738,5.24703666267224,6.12238136324382e-11,0.000611772061809501,1.26603964674785,28.0812266225796,433.726701373358,36.7227087759794,1.00015512322863
"Rec[8,6]",243.289262976528,166.25379751681,2.62870334902783,3.24979363917765,34.1943421495224,119.868517114479,206.381008309494,334.022570965115,658.78524307462,2300.22578665178,1.00021237476677
"Rec[9,6]",17.045976479478,40.8331626216578,0.645628989762455,1.49485286656665,3.1965533549854e-09,0.0184000178312063,0.965421662745496,13.401450015334,142.698397715065,79.3918247798525,1.00057938593858
"Rec[10,6]",12.1010522138141,31.0965803033596,0.491680106004731,1.38772516080758,4.18291659335088e-16,0.00101016137358469,0.351275187567567,7.82261093617144,100.351409930778,29.9163034123309,1.04364514306866
"Rec[11,6]",24.1352548095536,65.906206159993,1.04206861703099,2.82508091144083,2.95591004845007e-09,0.00130461089700469,0.538309107444727,13.9157978285658,217.730611748475,63.6446789408067,1.00397149185603
"Rec[12,6]",18.0715586383097,41.6799333265685,0.659017610179575,1.36533040131273,2.15004383210935e-07,0.0404129412959654,1.60757909039568,15.1163759361017,141.931086068647,99.4238280014333,1.00071675181802
"Rec[13,6]",31.6856383924108,75.5500011691405,1.19455040461434,2.35951764444851,2.75602714558733e-22,0.0308746850211466,2.93874759080061,27.8151325616527,237.584754986982,46.4759470118183,1.00300139686915
"Rec[14,6]",53.6380426512248,141.76141802864,2.2414448265288,4.01140144304459,7.69193541963379e-12,0.022241050282273,2.31700338972909,34.6539417681662,445.223869944437,60.4582898314869,1.00160117336677
"Rec[15,6]",44.8035854498475,99.9655870326358,1.58059471329461,3.54196131854046,7.06666929992685e-09,0.0391013886827871,3.44332729448108,39.4168875220012,348.253187013189,116.483480670711,1.00234742312159
"Rec[16,6]",26.7617077655055,70.1591770284149,1.10931399086378,2.5788213896425,6.03746120919209e-10,0.00640806060854608,0.91822379451383,17.5839718484263,224.917207510293,82.5984274345938,1.00098052353642
"Rec[17,6]",35.5303673396424,83.7712462107706,1.32453970228392,2.96492723331361,1.25683490761914e-21,0.0204613385562248,2.10422867919271,27.3019734586747,299.674527575368,43.6277684080568,1.00288813596102
"Rec[18,6]",24.4121308557858,62.8014323912672,0.992977833387396,2.29031472376304,1.48552391767066e-08,0.0115263974128178,1.25487841824521,17.8945882166974,187.078639489095,76.6767346437916,0.999889159047279
"Rec[19,6]",13.2354314702004,34.3586487467887,0.54325793682771,1.05005361696151,5.5326744755401e-11,0.00253161536115801,0.489401872855892,9.52555075406378,107.459397542467,96.2817665252265,1.00060919200917
"Rec[20,6]",7.005726406146,16.4859981217147,0.260666517829382,0.625453294285207,1.03104281160484e-09,0.00470500595938691,0.447163432438999,5.71369887554666,54.6321762184879,89.2746850328604,1.0000845598057
"Rec[21,6]",21.8675508146007,21.1754518348474,0.334813291406547,0.418523769425059,0.624073343656067,6.60365656224574,15.4821055470042,30.4189654821956,77.0765059322821,1912.48361168361,1.00052633916447
"Rec[22,6]",32.0675532119368,22.7388107411876,0.359532166128271,0.389761559517133,4.02057647498424,15.222309708278,26.9565615376775,43.0302801731215,91.0983710796757,2818.56658275215,1.00089956878289
"Rec[23,6]",3.42715709281302,8.64949295779663,0.13676049176112,0.431092729145661,6.65802446445925e-10,0.00176183944781898,0.139228903475492,2.20721261223294,29.0577897789875,29.5645781667996,1.04520647211696
"Rec[24,6]",36.1125522977112,25.0581713698096,0.396204477637099,0.477046870770352,5.78652723594026,17.7416388181003,30.2100041940444,48.1632171968493,98.7979598627613,2348.41588026566,1.00010315082656
"Rec[25,6]",3.50309520400118,9.02008248171896,0.14262002662408,0.475847584130787,1.03594937683883e-16,0.000351957494850733,0.152036984530467,2.51776790794701,27.8878164545099,26.5965918551202,1.02827394210689
"Rec[26,6]",17.6010262854876,16.6434863129173,0.263156624773283,0.356607357336986,0.923780272713548,5.77415508966793,12.4925786100901,23.8248287863479,62.6825622098755,1682.9132168138,0.999871627290006
"Rec[27,6]",2.41761268010951,6.02154220519888,0.0952089419763074,0.249249450787109,6.24131105018137e-10,0.00133501146369968,0.169201892865744,1.77155200744385,19.6638437508389,62.7507155319352,1.00080760581508
"Rec[28,6]",28.5581171727324,78.2354719187178,1.23701142540646,3.00738290300868,6.75817989403808e-13,9.23040991512597e-06,0.797780214629205,18.3130130467466,249.527315785105,12.5273985290829,1.01858766072956
"Rec[29,6]",38.1684500705672,111.375319323487,1.76099842095391,5.36723015450642,4.00304764586327e-23,0.000186362430226487,0.678308161651021,18.9940072983986,347.025207380844,22.591460205054,1.00301459910169
"Rec[30,6]",48.8149051140152,124.968986108882,1.97593316493005,5.40923114565379,4.23925385576718e-08,0.0224442765936376,2.48592339721108,34.6843090058165,392.924927587149,42.3141398593071,1.00083901245471
"Rec[31,6]",51.1112692201676,131.946075596937,2.0862506360354,4.09120233976353,3.84971101663073e-09,0.0239738462576901,3.27975264435191,38.2836185776796,417.837315324661,83.5663040086761,1.00902356574182
"Rec[32,6]",43.6028019352112,125.08546252439,1.97777481876353,3.40256758968336,2.39019237310278e-09,0.00595279351192384,1.40920331071219,25.9962757007829,379.277453563115,98.7575682209816,1.00446437088066
"Rec[33,6]",52.3204031733054,141.681137107663,2.24017547371409,2.421441759204,7.76446989221923e-11,0.02093325590488,2.3611429617323,35.795402166709,430.530153568485,374.014597600161,1.00020781876736
"Sp[1]",5864.32847816352,1259.38646877025,19.9126484785525,20.3048976749482,3714.55173058701,5188.30044803877,5764.06159068483,6383.73130266624,8733.0134445251,3669.30297768882,1.00015119357888
"Sp[2]",2948.97157630346,607.718725894982,9.60887675281846,9.36406681210953,1810.0262907333,2589.69749527993,2931.23225305788,3237.28550717269,4336.26251355667,3717.05361959803,1.00125303166352
"Sp[3]",5109.63228660558,1086.22299186102,17.1746935056168,17.1806944954343,3029.03632629745,4500.91121030935,5098.70195594431,5609.22766914874,7463.60716784075,3673.00509595637,1.00031018914739
"Sp[4]",4596.57589429118,1056.10767299471,16.698528505218,17.2516588444522,2978.40420299909,4019.22133358603,4421.45297745179,5011.56798627371,7022.12025684036,3620.28674150394,1.00031399031111
"Sp[5]",8592.0955862681,1794.48400684081,28.3732834318107,32.3023828021805,4731.95858436307,7503.93612999562,8757.18881454106,9675.25065910301,12029.8461113814,3033.73789254098,1.00038507221303
"Sp[6]",7653.66426142257,1354.73658001711,21.4202661120052,22.3132832676257,5054.57575763648,6873.26134437106,7624.28210431018,8374.8179079462,10711.6919996743,3271.30660929108,1.00023112661886
"Sp[7]",9020.27355294246,1558.33700208289,24.6394714435025,25.159937042785,6206.95531129118,8105.59097567017,8923.93314694599,9783.90802028633,12488.9692446313,3819.8715890791,1.00004255661012
"Sp[8]",8292.46432028796,1356.79488365768,21.4528107501072,21.7980152814689,5513.82314337088,7484.32948196134,8326.35967080812,9050.70469301465,11191.5932854778,3913.52704454326,0.999844080838821
"Sp[9]",10357.3162644435,1765.49845704757,27.9149816489164,29.4947508667077,6678.9729724325,9270.39273841607,10457.301638256,11399.1461543181,13953.8786731464,3651.53438169475,0.999798278059541
"Sp[10]",8486.08451995733,1462.93033532719,23.1309595889391,23.1350305088118,5814.58237658812,7624.30583809204,8364.9668136572,9219.08002676978,11858.2292253752,3964.73387290448,0.999752423652391
"Sp[11]",11830.1186200032,2075.21936695061,32.8120992202834,38.5878469828637,7473.90358987617,10489.2139026774,12025.0843321197,13164.326860425,15806.1046882628,2935.30296465688,1.00049473315583
"Sp[12]",11157.7496636963,1850.40920546218,29.2575384630149,30.9166664070172,7314.38322805486,10050.1837726381,11265.3198176882,12217.5865013733,14914.0146686243,3451.71039557221,1.00092834815828
"Sp[13]",10087.1121645607,1641.949126361,25.9614952071219,26.5401067037477,7108.05647067278,9106.32267208136,9987.32176762807,10877.4929212293,14030.7552539844,3855.10188130989,0.999814425524657
"Sp[14]",6498.2979962751,1307.33818706021,20.6708317161277,26.3715434092726,4539.71157712079,5689.29964495175,6208.91915792137,7065.91805907597,9720.62271015527,3008.98008929809,1.00032477793019
"Sp[15]",7687.63427783231,1227.83101223934,19.4137129023319,17.7404831648396,5497.13022310012,6928.54025779882,7573.55732504504,8321.75422133285,10487.0449991578,4018.45594290222,0.9997854830985
"Sp[16]",6851.11335105906,1125.8299580931,17.8009346281306,19.1900272527332,4694.22290387422,6203.83414926827,6834.58965211821,7422.60782349778,9417.81776698983,3444.69800944286,0.999904224486433
"Sp[17]",5957.07799269007,1013.92651680974,16.0315858657989,17.9789805414668,3784.95983969653,5341.61796043412,6073.26092389319,6589.50838009573,7855.00774687243,3168.32272140511,1.00128809751171
"Sp[18]",6543.00679770174,1226.42646003458,19.3915049820337,22.1709667581926,3925.5783706362,5716.2570171285,6656.84754408998,7432.15415840175,8636.51867697212,2989.35939473638,1.00173819266615
"Sp[19]",5621.87443299257,1885.52375072854,29.8127481732288,31.1096896897856,2713.06691469599,4274.00620106826,5366.58157977907,6666.35923074366,10015.3321598308,3551.71626024597,1.00083296509099
"Sp[20]",5395.15627234101,2260.78444119952,35.7461406643074,37.31223585515,1918.48932717712,3811.25435097938,5048.22819686492,6633.02004060054,10902.3914627631,3406.68674393469,1.00087877212009
"Sp[21]",7312.92774777616,1236.78872530695,19.5553467819314,21.2448928368893,4868.87036786064,6572.97242066136,7329.90490395389,7993.93529601484,10059.224310144,3458.44423618097,1.00049537957455
"Sp[22]",6814.74441636371,1267.89489020806,20.047178433733,22.6152217889248,4043.79253453117,5993.86796115635,6945.46286788506,7722.89164777188,8984.63361687967,2863.40275370498,1.00021150786427
"Sp[23]",4147.72521961718,743.99171062276,11.7635418292641,11.7269586750872,2917.21053104638,3692.31635135309,4025.43167704122,4515.35445788248,6024.51957561281,3838.3372676255,1.00038911808762
"Sp[24]",4844.52622040709,801.112782925196,12.6667052835983,12.6701499483593,3528.65223294591,4358.85521133624,4733.39214710761,5236.5465625715,6715.09502675106,3878.70844705121,1.00009681299938
"Sp[25]",5621.3365331462,911.6822630424,14.4149622679537,14.1905025490984,4017.00699139392,5075.05651799988,5508.27514769621,6063.81558429052,7744.56830009804,4050.36545677676,0.999888416853182
"Sp[26]",6574.53197718546,1070.54785357113,16.926847807446,17.7766179321569,4530.02921880119,5921.89571065551,6606.16757204587,7161.46673175096,8879.30187644699,3239.6239021164,1.00117000172403
"Sp[27]",6856.53485719936,1094.03772512497,17.2982552877206,19.1077537542318,4610.24117763809,6186.35005377899,6942.25567282212,7507.20944329785,8970.70238741167,3154.95001544773,1.00061490087173
"Sp[28]",5955.53095443564,986.001576326154,15.590053788535,18.0414438037504,3965.26320618127,5353.26757077193,6010.34496902729,6541.94949357472,7946.04804258313,3029.73145845148,1.00014870791027
"Sp[29]",6101.6728337612,1007.10260088559,15.9236902813899,20.226719079405,4021.7175701671,5480.00159530305,6181.22174939344,6750.37235704749,7984.96731794017,2631.60356438802,1.00025585705198
"Sp[30]",4096.98581071887,656.873705140286,10.3860852165858,10.9635023461388,2801.24249677301,3699.82728374124,4090.12457031986,4458.18883116285,5494.3928720228,2962.08984994708,1.00049706529954
"Sp[31]",4046.34558750777,782.467967259375,12.3719048633084,15.1846083298331,2409.22028185648,3515.72432613034,4112.77954390863,4626.02942110567,5354.1315428764,2619.08490792658,1.00068902276824
"Sp[32]",2941.45700327264,559.605488767775,8.84813967818972,11.1662571449175,2158.84486181991,2550.44695574177,2824.76159903366,3218.02390377502,4336.59260409882,2637.00411498911,1.00003409096852
"Sp[33]",4334.9560381612,776.981834259969,12.2851614841848,12.6935963975057,3108.23176893517,3862.61561418445,4192.05523981963,4694.67589836752,6271.99113956052,3723.46810793124,1.00048068349896
"Sp[34]",5431.51135137579,886.326758803553,14.0140565448696,14.3186193032697,3746.33442596433,4901.10188187835,5399.79126228703,5874.92286745888,7404.12984438319,3820.68398460558,0.999873496969931
"Sp[35]",6070.18043757014,1070.11902486814,16.9200674303085,17.8729811985646,4055.84829310392,5431.63863303199,6051.32269702633,6622.02097108924,8422.72527900543,3457.5316631869,1.00035288976169
"Sp[36]",6618.72878074979,2323.75847046321,36.7418474938643,40.9000875525382,3175.33167697952,4955.63831390974,6281.90749611098,7774.86477550916,12278.1428443473,3087.76970013299,0.999820904046019
"alpha",7.86251209827049,10.177830124561,0.16092562415944,0.230052412165712,1.19370985737494,2.08220622287861,3.78109597537914,8.91186662004454,37.6869586169593,2156.09136821491,1.00006185267406
"beta",0.000876677226453037,0.00138726533145974,2.19345908320061e-05,3.23173629800663e-05,2.31204855622509e-05,0.000112142953432715,0.000326214223860313,0.000980609662545634,0.00520781412202152,2178.67135367769,1.00016521946813
"gamma[1]",-0.0952016511031848,0.0670272049743795,0.00105979316457004,0.00106004588464432,-0.228591861801611,-0.136825300524723,-0.0962289371167987,-0.0515464980221899,0.0325388559429475,3917.36116715894,1.00010889379205
"gamma[2]",-0.000458551132677806,0.0764954967451029,0.00120950000230261,0.00124346270948885,-0.149369241173549,-0.0498865252764012,0.00035953889495641,0.0491992646034953,0.151422561578482,3781.34283414879,1.00040128386156
"gamma[3]",0.123605410531422,0.126800322576152,0.00200488913692355,0.00207688467519201,-0.120783533856176,0.0429127135540401,0.121150892459647,0.205422897815399,0.375794257581618,3634.71211273589,1.00043388139517
"ln_BH_a[1]",1.56659326468784,0.961903326294277,0.0152090269999102,0.020810751798467,0.200052373241844,0.791012687284153,1.38110336598289,2.20818082426205,3.65295857032483,2186.63942316457,1.00016374446822
"ln_BH_a[2]",1.40481852962409,0.975465403747087,0.0154234622726827,0.0209801248645773,0.0273167025148274,0.617987307044728,1.21555792296433,2.05766763755052,3.51246652404094,2175.02712091345,1.00026585418033
"ln_BH_a[3]",1.34162771294886,0.978318426830278,0.0154685725284823,0.0207309044612596,-0.0462943602815445,0.555114324970098,1.1472259782976,1.98985627864643,3.45908142827411,2191.8806152513,0.999950999810891
"ln_BH_a[4]",1.57090167752462,0.993988449230767,0.0157163373373393,0.0215204732657171,0.132713458379867,0.769817468820895,1.37041985435042,2.24962031403793,3.72033666260881,2188.08804931039,1.00017321596104
"ln_BH_a[5]",1.61574027496637,1.00176541990346,0.0158393020404495,0.0216385101189002,0.16857524577968,0.816062639885733,1.42760278434578,2.30598323689275,3.77648526899134,2184.04011078024,1.00019320566128
"ln_BH_a[6]",1.44317196898084,0.971555836445686,0.015361646585992,0.0209862595247043,0.0860986599367559,0.656758675795822,1.24642322512441,2.08845045080841,3.54459827503521,2168.15635496956,1.00017368620414
"ln_BH_a[7]",1.57831522935244,0.960734924595415,0.0151905529469582,0.0207728868070937,0.214022042500768,0.805953693556391,1.39321455026316,2.22242124687565,3.66536929798632,2188.99589729424,1.00013483088666
"ln_BH_a[8]",1.59574227597948,0.964272365869423,0.0152464848045329,0.0208150774648382,0.244876979080668,0.806336684395774,1.41454376991293,2.25916592208708,3.68408531116852,2164.5168101945,1.00064079559493
"ln_BH_a[9]",1.68653611015246,0.980261082862012,0.015499288617335,0.0211378520568608,0.276499736566585,0.895133086734324,1.49836025378427,2.37564024928304,3.83129920744055,2169.16970991316,1.00028872042677
"ln_BH_a[10]",1.70091325145996,0.980488093219173,0.0155028779662404,0.0212705403821264,0.310156791584697,0.90283976839399,1.51247658797391,2.3863800415442,3.82324929580192,2169.03532272141,1.0002781744853
"ln_BH_a[11]",1.58289740729522,0.97361815141509,0.0153942546487719,0.0211414097939316,0.214940466844587,0.790783052072871,1.38566405435424,2.25323405497703,3.69557909667422,2167.01103264519,1.00010491631737
"ln_BH_a[12]",1.40611523544229,0.99933739404209,0.0158009115807509,0.0212535691580526,-0.0258147225006455,0.604102449709079,1.19914157202155,2.07588332345653,3.55616373873738,2192.96302167355,0.999990894468032
"ln_BH_a[13]",1.15397455863058,1.01029575504155,0.0159741784816542,0.0211479880477101,-0.334944280065495,0.367617570871401,0.972086122776741,1.82514543994337,3.31545669807313,2242.63225755013,0.999921795731399
"ln_BH_a[14]",1.41988668035619,0.978581065928929,0.0154727252172541,0.0209534890484181,-0.0444114121799712,0.657352336711029,1.24145936593324,2.07305328992119,3.55086697793028,2238.03323098532,0.999920808790767
"ln_BH_a[15]",1.51197837481858,0.970758307681327,0.0153490365490176,0.020978107155487,0.107488304926899,0.741995086612251,1.33510295504791,2.16268005578353,3.63737364139173,2200.32332491115,1.00001628089441
"ln_BH_a[16]",1.52953458747777,0.967481178669151,0.0152972205896941,0.0209239723583995,0.13704659965004,0.758914066358605,1.34271064728764,2.17633518116864,3.63608206053792,2193.79832200493,1.00005866104914
"ln_BH_a[17]",1.47003773957995,0.964066057315266,0.0152432227798734,0.0207444261208933,0.0857497431751945,0.701578645346365,1.28306108729764,2.10995084731835,3.5883968581191,2199.28426960275,0.999920174859474
"ln_BH_a[18]",1.23599787171238,0.999345120576388,0.0158010337479849,0.0210321998533502,-0.225515327697986,0.448962698081118,1.04822921822563,1.90034394999077,3.37357059342002,2214.56813693768,0.999982472610418
"ln_BH_a[19]",1.56999925430682,0.998371293119882,0.0157856361839321,0.0215680580042068,0.141146222937636,0.769990560953012,1.37820801873434,2.25921828754619,3.73918424719027,2177.95074789215,1.00010450576821
"ln_BH_a[20]",1.72434406515786,0.980497547385248,0.0155030274497313,0.0208336723412187,0.298041305784938,0.946517995990906,1.54375540351382,2.4177956009233,3.86220512389096,2183.69741171136,1.00013437798247
"ln_BH_a[21]",1.79397736368281,1.01787050078795,0.0160939457279306,0.0218303918076765,0.266343429822616,0.980441349538154,1.61503618021267,2.5154760976391,4.00593899302952,2207.26833465022,1.00020012090254
"ln_BH_a[22]",1.7282774028511,1.00530413129299,0.015895253980314,0.0216428420274404,0.227424521269963,0.924510334202897,1.54750544291559,2.42887982721989,3.91682836560782,2202.01185032941,1.00016413265205
"ln_BH_a[23]",1.83738954901486,0.977208313881755,0.0154510201015954,0.0208608682458893,0.421657881292557,1.05334183096036,1.65671244329324,2.52007272440558,3.96579317585637,2189.56980645454,1.00004209743028
"ln_BH_a[24]",1.61713238412416,0.976832682213718,0.015445080843434,0.0210884864386996,0.243446777548128,0.8169268086704,1.43088611812674,2.30096954030804,3.73486124656915,2159.78543712122,1.0004540792731
"ln_BH_a[25]",1.60745195921315,0.971556971138331,0.015361664527058,0.0210924465866245,0.256884075728535,0.815541708740909,1.41513381584577,2.27627131508926,3.70522298289801,2157.96183390062,1.00017646006687
"ln_BH_a[26]",1.21613535128862,1.02167250322765,0.0161540606648255,0.0214787621642011,-0.292188600402586,0.412613277533107,1.02655979397346,1.90631527901179,3.41240856036244,2242.75831281148,0.999903284371001
"ln_BH_a[27]",1.47661457538439,0.966262565299442,0.0152779526205171,0.020890121824556,0.122602186964972,0.689002623314344,1.28030434428213,2.12166109675358,3.56666534506363,2172.4715769144,1.00019009469192
"ln_BH_a[28]",1.63416321414707,0.964501432667596,0.0152501066686257,0.020836982469159,0.287176887781444,0.846990715460869,1.45250282340265,2.30505615177907,3.71801004778333,2162.01824578664,1.00062549225915
"ln_BH_a[29]",1.49088970595234,1.01035255425146,0.0159750765560173,0.0213676771594186,-0.0302240446731802,0.686570181587663,1.31497058143328,2.21831070105736,3.67054460188369,2203.27945206587,1.00011333399942
"ln_BH_a[30]",1.60103933645538,0.983741959375267,0.0155543261075134,0.0212893854419509,0.224645959947339,0.797730672563064,1.41147343446805,2.29222398017914,3.74261223312724,2160.85066551004,1.00025930490592
"ln_BH_a[31]",1.66474698240823,0.982517433322814,0.0155349646506136,0.0211477229795865,0.243462628731706,0.874102448203703,1.48365929087125,2.36120558644491,3.8035681287422,2173.96374766613,1.00034769518486
"ln_BH_a[32]",1.63300833811233,0.976278822496262,0.0154363235523771,0.0211247786358871,0.267954525037611,0.833193910398683,1.4406185679983,2.31310867066637,3.75201651523065,2157.28781188055,1.0004163107232
"ln_BH_a[33]",1.63834731010372,1.02518336130231,0.0162095722051131,0.0219591483547737,0.112314694816544,0.821673551980095,1.45941488706536,2.35643774846394,3.87090206668799,2202.50020262556,1.0004095007785
"ln_RS[1]",0.72867391210915,0.32255006777335,0.0050999643680273,0.00525132929277332,0.0677410447165908,0.523827156506694,0.73615630738505,0.941083078597538,1.33964151467634,3573.27740364597,0.999763338327208
"ln_RS[2]",0.748827765067403,0.295258275233223,0.00466844323874933,0.00491664990610545,0.144176254840001,0.562774707369719,0.74877165384554,0.943317881314338,1.33023641196409,3852.18461092475,1.000042174266
"ln_RS[3]",0.410350176088408,0.296768896967869,0.00469232826557152,0.00501499195062605,-0.189285101751026,0.225890656512439,0.420527534899363,0.603200173755237,0.974329924434957,3906.50292334076,1.0001606548467
"ln_RS[4]",1.16533022357971,0.263060221833142,0.00415934731390941,0.00441745924961908,0.579236767051146,1.01915253989234,1.18277761650952,1.32694172058246,1.65438204128563,3513.52116958036,0.999850210004994
"ln_RS[5]",0.370550049229824,0.245555467108408,0.00388257283984565,0.00420173072716673,-0.0655009744804232,0.217780766518574,0.354650900428099,0.50231006857118,0.924880252704666,3523.71385885191,1.00000886091602
"ln_RS[6]",0.391389735517923,0.208388483145447,0.00329491122443611,0.0033310724167843,-0.0414462590774804,0.266734347276957,0.390602301450738,0.51867933740004,0.812308493289632,3511.53201776206,1.0010316021263
"ln_RS[7]",0.691034464450643,0.197142884123428,0.00311710269162339,0.00339989087181844,0.257433578695593,0.580050410924932,0.701436803833942,0.810605692097803,1.06410101975207,3840.67383756706,1.00129643324949
"ln_RS[8]",0.349257784828029,0.197743949908524,0.0031266063761459,0.00317715503760567,-0.0233238420953769,0.231097237173716,0.341705289523915,0.460271445239818,0.784996231968124,3837.37463362988,0.999922337396809
"ln_RS[9]",0.0768278763297521,0.223094880896666,0.00352743978978726,0.00386896684362015,-0.295848297875566,-0.0709516207829921,0.0535645952997532,0.200269988053405,0.603233342487867,2965.49490505236,1.00091934099833
"ln_RS[10]",-0.112136470981404,0.225637344978611,0.00356763967662784,0.00371197521367784,-0.552262736921003,-0.252757221602895,-0.113615824311142,0.0227917749536291,0.342814250806031,3791.70919752599,0.999997392618372
"ln_RS[11]",-0.429566432815537,0.227304544005419,0.00359400040781549,0.00381775827718771,-0.862477943470169,-0.580402066148328,-0.436728489997066,-0.296379443804758,0.0474074721249767,3400.61633536794,1.00001111248187
"ln_RS[12]",-0.423276172707051,0.205779574048421,0.00325366074966143,0.00325457956680615,-0.851931692878298,-0.545725608933268,-0.417475546796245,-0.30073489705099,-0.0119513238031746,3806.49808497347,0.999826200060126
"ln_RS[13]",-0.452681479683322,0.229455133970688,0.00362800422083225,0.00375132734270341,-0.960727683101055,-0.59010489388112,-0.435188630313992,-0.302627064525441,-0.0503892947148922,3267.48672676025,1.00122961784027
"ln_RS[14]",-0.332992722266777,0.31659218705562,0.00500576200254918,0.00599837658107055,-1.01768687853014,-0.526711879622523,-0.322278855123533,-0.119184230880405,0.245766320863972,2804.2779045721,1.00060278385062
"ln_RS[15]",-0.107047448944163,0.299778371833353,0.0047399122412513,0.00508745812343527,-0.715707855036448,-0.300296032753325,-0.103222615704514,0.089424518116024,0.47839860286279,3535.89790438378,1.00055465854502
"ln_RS[16]",0.32342133614637,0.282569808084127,0.00446782095771251,0.00469399774475258,-0.239124585789883,0.142719769762206,0.319976158243934,0.510073804132915,0.89124360229546,3642.71494364838,1.00001695308324
"ln_RS[17]",0.230297568826732,0.264221994992053,0.00417771656044245,0.00410197113742922,-0.287855880913938,0.0554432327257195,0.233353909955793,0.405095593136482,0.748527755468013,4137.10583897302,1.00042518411098
"ln_RS[18]",-0.327961180327454,0.332621786689818,0.00525921222667252,0.00552149070746263,-0.989842728869356,-0.547158018944398,-0.322865890425542,-0.110816483540884,0.323595393217509,3592.46319818412,1.00012576579858
"ln_RS[19]",-0.0495914721051933,0.374108369269568,0.00591517269311589,0.00615901214863199,-0.776690208664038,-0.30541108735118,-0.0597009994647664,0.189942468487567,0.701030095368919,3382.20526559089,1.00094301455319
"ln_RS[20]",0.0579483342763231,0.454455982165247,0.00718557999965521,0.00730315698576219,-0.7841434495355,-0.243383327082293,0.0429463527045311,0.343562394497162,0.999733437218144,3249.28220863314,1.00110442178443
"ln_RS[21]",0.0158042621469096,0.233535922546703,0.00369252715358126,0.00374496637249782,-0.446639152708426,-0.129967606437789,0.0199341085978393,0.15950797201686,0.493645332090852,3852.27365003575,1.00008781706255
"ln_RS[22]",0.0225808143182011,0.227021869165183,0.00358953092615363,0.00371595632861377,-0.387870319763779,-0.126933150473226,0.0095309307989826,0.15389978915035,0.514787898415956,3735.88150716049,0.999811722616036
"ln_RS[23]",0.418995148789761,0.223923788794135,0.00354054597441978,0.00383962150999549,-0.0726282203580515,0.289497732813473,0.439121340852133,0.570250841467447,0.804333280209935,3400.49378390115,0.999877357077138
"ln_RS[24]",0.179418768168374,0.20746185518373,0.00328025994992298,0.00367786797970794,-0.271142479818165,0.0621684289108901,0.203437318173742,0.313166551352825,0.532743842342143,3229.75269895475,1.00089101271544
"ln_RS[25]",-0.000390187755148617,0.200707134128223,0.0031734584324505,0.00359887012097788,-0.449348996282761,-0.113645312200578,0.0211527859723688,0.129028332620556,0.355949778159539,3257.22648233135,1.00016001041899
"ln_RS[26]",-0.95643284069645,0.208564810678462,0.00329769920752874,0.00338737820509917,-1.40724670449902,-1.07470102192471,-0.946042191416014,-0.832499114501599,-0.549263057200176,3739.22189826471,1.00014196442821
"ln_RS[27]",-0.61536491237205,0.194050910368071,0.00306821429396144,0.00322776511842021,-1.01101534979674,-0.732302194404588,-0.615920472908794,-0.499367869231331,-0.217969917863312,3815.17738623297,0.99989980021056
"ln_RS[28]",-0.502822098986373,0.224625553274412,0.00355164184511318,0.00427628979350957,-0.87475482197875,-0.657045889239869,-0.532752334182126,-0.373000678016777,0.0080012817395601,2912.91319733976,1.00004225607826
"ln_RS[29]",0.11874507563826,0.21717253635816,0.00343379930063757,0.00430901347695344,-0.235995736801469,-0.029196323525793,0.0903421680337608,0.241052943114521,0.620286151478718,2349.35016014613,0.999986772967882
"ln_RS[30]",0.433408378838628,0.222000468541034,0.00351013561107112,0.00380886875707661,0.0080271782709188,0.291513133220525,0.426966652118075,0.566966831101151,0.916094928791155,3170.03023397195,1.00144950607222
"ln_RS[31]",0.478411308930195,0.329159113223552,0.00520446255193836,0.00592708036349586,-0.124125993365016,0.248310351351832,0.462757237465155,0.685228429077704,1.16072268288666,3013.72243728504,1.00008973302666
"ln_RS[32]",0.690965292977818,0.442760996835607,0.00700066604543561,0.00767765881869551,-0.142924346886081,0.385987676007516,0.677032887531576,0.978797372068866,1.58622139804093,3145.07243632695,0.999890739510617
"ln_RS[33]",0.492303486354094,0.530784588800932,0.00839244123763423,0.00842552641457253,-0.541103525477415,0.153946453541676,0.480426902315347,0.832636327526067,1.57144765966131,3767.32974532216,0.999777258480139
"lp_age[1]",-3.10878477885541,1.73778190984042,0.0274767445586656,0.0305826591615223,-6.82059692276655,-4.24697808268039,-3.00017943391501,-1.80521283861409,-0.162754926222221,3496.38848716794,1.00043529194719
"lp_age[2]",-3.07894629313954,1.59144447703417,0.0251629465856175,0.024777467688207,-6.82273857095615,-3.98091915423427,-2.86057248503552,-1.90340128017227,-0.467731867686587,4104.3899851877,1.00071700096205
"lp_age[3]",-7.79091116994246,1.6860863494717,0.0266593659802461,0.0273124798707704,-11.9671832775303,-8.60726068975461,-7.42176604358346,-6.56587057916252,-5.64617801947091,3501.6376365017,0.999825343142747
"lp_age[4]",-4.03741540529377,1.35099876166799,0.0213611660146892,0.0231628314740896,-7.25629198179194,-4.7751756414481,-3.81071800458918,-3.04810991033428,-2.11369626167587,3304.35789137147,0.999834457977624
"lp_age[5]",-4.1687570990264,1.01484541778628,0.016046114965949,0.0166609026395177,-6.65628940274886,-4.71983453296884,-3.94886264706357,-3.41400786075687,-2.81712277513173,2816.87573053986,1.00001712205461
"lp_age[6]",-4.82670443772342,0.994405073670215,0.0157229247481271,0.0192390413089477,-7.30763814187542,-5.29932097278635,-4.60583610032906,-4.10150010502548,-3.60317800563162,1817.88663190249,1.00208264561846
"lp_age[7]",-7.34949278456624,1.1908011530135,0.0188282194193867,0.0206377303608236,-10.2661816918926,-7.93126149807439,-7.08321653037811,-6.48903776449443,-5.84836635346336,2726.78412709552,1.00156065794759
"lp_age[8]",-9.86502747204576,1.37088909962388,0.0216756598715447,0.0225594988017112,-13.4112014608843,-10.5147203124591,-9.56324206595428,-8.86551962660428,-8.13958358291692,3176.47055465403,1.00052373447937
"lp_age[9]",-8.87397869992276,1.34568456074516,0.0212771411203896,0.0270477240153476,-12.4533471365537,-9.52538682886575,-8.58645692519713,-7.90195555148921,-7.20058231142659,1706.20448036672,0.999925542175943
"lp_age[10]",-7.98540831852663,1.40633881482621,0.022236169083763,0.0321851392093439,-11.5294025723705,-8.65223705527426,-7.67116314731564,-6.95351991900759,-6.18267775587167,1783.4337225501,1.00090550763432
"lp_age[11]",-9.64938592552675,1.53347951980756,0.0242464401390659,0.026327708388714,-13.6206716933499,-10.4229291434611,-9.30375204881699,-8.51482851347174,-7.66825039270601,3016.52015461928,0.99983366726529
"lp_age[12]",-3.58830905796922,0.985010514178626,0.0155743837200902,0.0193466856255228,-5.89965873525255,-4.16452509159749,-3.44385945960455,-2.86468252081422,-2.06983865351375,2082.04192974955,1.00175913891752
"lp_age[13]",-9.77808124480045,1.60985471978941,0.0254540380825334,0.0271033715361158,-13.686790020979,-10.612558850143,-9.4571430524181,-8.63897445346167,-7.61003302228497,3345.27916672615,0.999947106589111
"lp_age[14]",-7.92726281901189,1.4958481774737,0.0236514363731433,0.0276973333603606,-11.6992612346932,-8.71834405408229,-7.5972770780462,-6.81877128091364,-5.97742886722949,2066.56796552611,1.00247709180347
"lp_age[15]",-8.36261247485938,1.51877581094564,0.0240139540887876,0.0256738714663765,-12.072762595291,-9.13101007299035,-8.03196913487676,-7.24138232219032,-6.46209523610983,2437.1214052444,1.00083725191119
"lp_age[16]",-4.36829493734191,1.16417021842693,0.0184071473718241,0.0196813501129313,-7.25494841026408,-4.96889301835289,-4.14811346461461,-3.51351217919433,-2.80637030549787,2640.79957210676,0.999924629673394
"lp_age[17]",-6.56084048159681,1.38298144560949,0.0218668566493912,0.024704803646142,-9.98364406083953,-7.27373271842132,-6.25412448248512,-5.54642485080367,-4.7524667573335,3421.94246635645,0.99979776740226
"lp_age[18]",-3.78314288831063,0.672884692486282,0.0106392411545932,0.0111664875546173,-5.47266644188355,-4.1030842348608,-3.62865937334721,-3.29345961896598,-2.96147268407106,3022.73588631643,1.00142714543322
"lp_age[19]",-Inf,NA,NA,NA,-6.49141429326524,-3.80254198077975,-2.96022473513607,-2.40039568789155,-1.75989119010738,2714.2544693244,1.00015976468144
"lp_age[20]",-Inf,NA,NA,NA,-6.66904706086995,-4.10293369013383,-3.13925791243192,-2.53894728717688,-1.84351886461093,2433.20008149055,0.999784645545961
"lp_age[21]",-4.20413662556285,1.22696987465239,0.0194000971215642,0.0239295134805435,-7.12105045030182,-4.8668577457322,-3.99961713056897,-3.29482282135899,-2.43694012938211,2165.85323535521,1.00019676659351
"lp_age[22]",-4.58707368430723,1.10496771535632,0.017471073607393,0.0192812711293721,-7.19976359645708,-5.20547822139896,-4.40969463738771,-3.7787372467146,-2.97470524751959,3369.6826339902,0.999755802717876
"lp_age[23]",-4.18544730113117,1.08008699633639,0.0170776748977646,0.0173386135963856,-6.81336979730081,-4.78739638845712,-4.02497999261679,-3.39378401597311,-2.61504158525562,3491.04218879268,1.00030186004391
"lp_age[24]",-7.0136165689319,1.10818781196327,0.0175219878052117,0.0205582889329613,-9.82061692009711,-7.5594434343104,-6.78116556581378,-6.20916475787195,-5.61701835960526,1608.51048894488,1.00069812412581
"lp_age[25]",-10.0250145427213,1.52467017485645,0.0241071521653679,0.0256642072457558,-13.7547706521008,-10.8073925852896,-9.7068249718551,-8.89155094673595,-8.07415047468321,3653.53452661388,0.999919966628396
"lp_age[26]",-11.5395753656637,1.57307522631482,0.0248725032296984,0.0282812696268681,-15.5316383779584,-12.3133030547381,-11.2320480734061,-10.3726654110886,-9.46423899862183,3245.16350013867,0.999777880749702
"lp_age[27]",-11.3622739443311,1.55122193571648,0.0245269723663969,0.0284695421935151,-15.1075153881354,-12.1757094899098,-11.0109993309493,-10.2185907045323,-9.34574252357516,2544.8539664147,0.999937902089529
"lp_age[28]",-10.5557464969089,1.46944877929705,0.0232340252376639,0.0283438700448572,-14.1981741724633,-11.2562167261419,-10.2535896793964,-9.47743777129904,-8.68342746429466,2405.12231974787,1.00314116200771
"lp_age[29]",-11.6200211745261,1.44443938667687,0.0228385920197779,0.024769537099213,-15.1392945350123,-12.3618239305313,-11.3282168631918,-10.5569922682428,-9.71305729845461,3460.33856073219,1.00028370535229
"lp_age[30]",-9.49904757754082,1.47464779506572,0.0233162288947644,0.0266687629993929,-13.1200245610868,-10.1904167773179,-9.20052651408128,-8.43217563224636,-7.63134818745945,2246.72767223499,1.00088739170598
"lp_age[31]",-11.767651152992,1.47062146197988,0.0232525669789157,0.0239347089233284,-15.4075794842784,-12.5387046267321,-11.4915838056635,-10.6686033992586,-9.79376495293879,3512.70591849871,0.999965609340664
"lp_age[32]",-10.9858866601126,1.34888632810976,0.0213277655074402,0.0237604967748681,-14.4328123112119,-11.6210181198491,-10.7205365328871,-9.98926641783697,-9.23856666985156,2678.42432942211,1.00110978383797
"lp_age[33]",0,0,0,0,0,0,0,0,0,NA,NA
"lp_esc[1]",0.411186567260784,0.913698510166582,0.0144468419341446,0.0172209289378176,-1.72998391710251,-0.00380654502401356,0.458974590118621,0.914310780800413,2.13820892687937,2514.01621373001,1.00099839562403
"lp_esc[2]",0.403651452833712,0.894147709829017,0.0141377166384151,0.0165588584959274,-1.63422633500034,-0.0290422177958847,0.44408476456552,0.896046434797808,2.10219195088398,2495.30895069975,1.0012579138544
"lp_esc[3]",0.37096731997843,0.939747715067496,0.0148587160277611,0.0178648635925879,-1.85001965785344,-0.0454909856027409,0.440474548509398,0.896756564404119,2.09238175310929,2448.3492045041,1.00093526486774
"lp_esc[4]",0.40277390445671,0.921412953421462,0.0145688179919723,0.0177699847355975,-1.67760178552702,-0.0202741944406886,0.455487594795331,0.912520096240999,2.12621573891544,2402.68666973097,1.00021914045521
"lp_esc[5]",0.225843099246528,1.12305091112885,0.0177569940374725,0.0217771621247773,-2.58319791230204,-0.25036979273948,0.365009072758861,0.87850125266538,2.10714499176534,2439.71501330296,1.00073853321914
"lp_esc[6]",0.462476574289705,0.820893675376988,0.0129794686550908,0.0156549273551239,-1.3987781824184,0.0478275515732506,0.482568580268264,0.902636865237957,2.09649944245264,2444.71285141308,1.00043059821832
"lp_esc[7]",0.514243973096537,0.790237469760064,0.0124947514842512,0.0157391044842269,-1.07873435157065,0.114037755861673,0.492332565056638,0.926616643981738,2.14173809730528,2325.4954774311,1.00067822006475
"lp_esc[8]",0.499124937026334,0.779295110808385,0.012321737597939,0.0154917396470862,-1.14082594401154,0.0925043071995498,0.490858027092441,0.907298191476572,2.10494956195942,2357.56914611874,0.999825656228085
"lp_esc[9]",0.438352413945378,0.865873959531795,0.0136906693937447,0.0166134997743492,-1.53772515069575,0.0238076743907763,0.464679071680995,0.913212360098387,2.13214108966133,2449.78247122666,0.999928859005529
"lp_esc[10]",0.499849710492644,0.797626997007812,0.012611590168925,0.0160644399536278,-1.20426206107463,0.0818353111638425,0.490649480487155,0.919905850621056,2.12101979499061,2345.16763727099,1.00049222652401
"lp_esc[11]",0.338980946741313,0.96380828708588,0.0152391470746841,0.0184415536882443,-1.83920095077225,-0.133828830410174,0.409096315197943,0.889300978706573,2.1083392529886,2440.04106648853,1.00101329102863
"lp_esc[12]",0.471201370272727,0.829843535351096,0.0131209783663796,0.016653347405065,-1.32957431485131,0.0543550955587496,0.486049329183765,0.922753440964201,2.08371431991704,2293.31394834816,1.00118296472459
"lp_esc[13]",0.534667248062361,0.747742506986881,0.0118228471270146,0.0147527972276609,-0.927084950626684,0.130068399674246,0.508290867235827,0.920431272577487,2.11333182043211,2395.05662572547,1.00018129791564
"lp_esc[14]",0.380312685091351,0.929012172643587,0.0146889721978765,0.01856996650385,-1.7251454332467,-0.0592382401912515,0.437053745641509,0.900129318384559,2.11112083245512,2433.58405826194,1.00057558023718
"lp_esc[15]",0.522655487093003,0.737117184035994,0.0116548460200162,0.0146958690968729,-0.954977523955007,0.118487556138104,0.498724789626314,0.911764562106483,2.04333291678799,2475.04946784568,1.00016188200834
"lp_esc[16]",0.528625584162685,0.77387325556656,0.0122360105393995,0.0145727901857143,-1.0997931869097,0.112138617757871,0.516004861029718,0.9411286121634,2.16671245076247,2561.3271627201,1.00098213345489
"lp_esc[17]",0.445605447433902,0.86761590610754,0.0137182119874531,0.0169103418551162,-1.53028461039525,0.0337133346170611,0.487035417458341,0.920966541341894,2.10170052719995,2403.03328042765,1.00098317716134
"lp_esc[18]",0.165653961022539,1.1230795433566,0.0177574467527433,0.0207032243888561,-2.45502154464565,-0.407948547776681,0.305903127511214,0.85252490817347,2.06845080251042,2628.80082829234,1.00176628870167
"lp_esc[19]",0.394236123720104,0.922449750151303,0.0145852111876568,0.0194528406600839,-1.72873602591061,-0.0232977010878612,0.449524438657242,0.912728155901463,2.13652389305241,2371.30015950801,1.00099246683177
"lp_esc[20]",0.396187888359483,0.931472643261568,0.0147278756542202,0.0178697092952009,-1.78756380627152,-0.0319918885309002,0.446805555958531,0.914334994829237,2.1368940069795,2487.90657844052,1.00055109557298
"lp_esc[21]",0.508321033989435,0.783302536096159,0.0123851005552506,0.0157143205990103,-1.20828164040281,0.100305384183144,0.514176405754493,0.921818074522625,2.15842759887307,2444.41564829679,1.0008217692475
"lp_esc[22]",0.215951497175102,1.09357348864508,0.0172909150644737,0.0207543200110249,-2.44584613576437,-0.299663881532568,0.345413319791951,0.872379635886954,2.09275930561218,2448.13574006122,1.00037429363135
"lp_esc[23]",0.433703019707892,0.850509561548571,0.0134477369312232,0.015909387261203,-1.49540256531116,-0.0102950338113847,0.447465924469946,0.916862251982565,2.13920836495093,2637.87988432134,1.00021280559641
"lp_esc[24]",0.520109396343709,0.766895675279804,0.0121256853080853,0.0142594473277217,-0.96447198228081,0.103235726139382,0.494137326249878,0.928192480805309,2.12048802402236,2642.35942838184,1.00025574945619
"lp_esc[25]",0.547440625450627,0.74770097481213,0.0118221904456726,0.0147046820555275,-1.0119326287673,0.132557938476382,0.526256082936916,0.943809782517791,2.17120101158864,2514.35934959202,1.00048036565519
"lp_esc[26]",0.50557354334355,0.767404834926886,0.0121337358289725,0.0151045030881802,-1.10859794971389,0.0787257703986521,0.497238937220985,0.923265052834782,2.11623256428743,2530.37633324335,1.00257535936962
"lp_esc[27]",0.49070051971457,0.792927422848513,0.0125372833770437,0.0158336040346897,-1.19870383332372,0.0682305554187934,0.490650489632837,0.926690889941014,2.13184762525641,2366.39821901501,1.00049369494939
"lp_esc[28]",0.449165023801726,0.83999224115071,0.0132814434945283,0.0165046297379212,-1.32038479711089,0.0124778647573882,0.462886199577715,0.907928502342602,2.10319261550098,2448.36024502044,1.00040097413481
"lp_esc[29]",0.402612869854906,0.886219407555492,0.0140123591726019,0.0181498864760887,-1.52475069185281,-0.0407562180961678,0.440822999227146,0.893953033644755,2.15659814827017,2312.08194036235,1.00026323884972
"lp_esc[30]",0.52963545431299,0.735431958345418,0.011628200262248,0.0146700792703472,-0.926492937057024,0.122426512558423,0.509414651860079,0.924655226429414,2.1388825680418,2533.24526995322,1.0007098711683
"lp_esc[31]",-0.00217896437559072,1.2496262677105,0.0197583261497026,0.0243978712904578,-2.92497873904256,-0.628171624882394,0.152849437180551,0.782345532407399,2.15562052323683,2388.46881338185,1.00068783230354
"lp_esc[32]",0.257711643413821,1.00801470499381,0.0159381119136157,0.0206694927653053,-2.04215770573457,-0.228900603935741,0.318150067063117,0.842965422837231,2.10981672527898,2283.32315642089,0.999882602796039
"lp_esc[33]",0.462824262735531,0.827585159900276,0.0130852703151976,0.0157258345193142,-1.28500116156986,0.0269277999129588,0.475548551572157,0.917418952896481,2.09773429829342,2536.33278937343,0.999888757758779
"lp_esc[34]",0.53188765995408,0.760355846321198,0.0120222815329997,0.015543906500512,-0.997757448243741,0.125163550928544,0.509208964707228,0.936324120884419,2.12774033237748,2049.66402270536,1.0006299272804
"lp_esc[35]",0.47738330045144,0.807553552897741,0.0127685427985907,0.0154266335276492,-1.24929553320352,0.0660198073564908,0.485978934140118,0.909605808007552,2.11470986897148,2505.64626387904,1.00038328188386
"lp_esc[36]",0,0,0,0,0,0,0,0,0,NA,NA
"phi",0.636931611523108,0.168733112099459,0.00266790475461404,0.00263502265178314,0.261282252968472,0.534883580433696,0.654249270893765,0.758397787994663,0.922127803318078,3901.48259028158,1.00006395911456
"pi_eta[1]",0.0184822174223331,0.00536996382724574,8.49065832340575e-05,0.000422142430844136,0.0097637240476319,0.0146232218935219,0.0178268182162117,0.0218051425572535,0.0308568023563715,137.107195356248,1.00027795465514
"pi_eta[2]",0.354018292051329,0.0220419281228051,0.000348513484448918,0.000348464528052129,0.310489891503585,0.339099490333401,0.354258635318288,0.368515002778921,0.398416909887939,3972.00508477835,1.00003071641317
"pi_eta[3]",0.44347734781025,0.0232115036532982,0.000367006097308709,0.000351668710429238,0.398572357843828,0.427721173213211,0.443160783253095,0.459614335413196,0.490447726633676,3719.30049230994,1.00019488886502
"pi_eta[4]",0.152600468477436,0.016313603263071,0.000257940715778296,0.000269266304516157,0.120946778969516,0.141558052449109,0.152012284804754,0.163507047931359,0.186009042340462,3652.16762371601,1.00108657547553
"pi_eta[5]",0.0242656542538119,0.00583646721112636,9.22826493802507e-05,0.000221841488211914,0.0141344434584726,0.0202258808353964,0.0238542173706399,0.0277331312204461,0.0366434396293542,389.443949425183,1.01357197773207
"pi_eta[6]",0.00715601998484036,0.00275873369133991,4.36194096123902e-05,0.000421444383926017,0.00314802005645087,0.00511803632516098,0.00673244815221156,0.00869456693798299,0.0137943923842727,28.4800182995005,1.00076231132864
"pi_tau",23.2853086470575,4.42329558584341,0.0699384440771701,0.148473034477643,15.4279916017499,20.2069431708617,22.9048018503091,26.019818041903,33.001026574363,434.510436350288,1.00013185673597
"res_ln_Rec[1]",0.259137434619725,0.322536047793757,0.00509974269268599,0.00503548273988331,-0.39482904870296,0.0493897470745548,0.266097738628726,0.467843216079329,0.875006937175901,3795.65700845902,0.999911297523972
"res_ln_Rec[2]",-0.0258440470746266,0.297952089977996,0.00471103618968947,0.0047642873781527,-0.624734197459531,-0.216293499937698,-0.0196986174262177,0.170597331057742,0.551567988895121,3971.88834859275,1.00001605790476
"res_ln_Rec[3]",0.120704027723033,0.273381455301759,0.00432254034402537,0.00439659198889115,-0.433061590411193,-0.0531831463955883,0.129401503970789,0.300881353540427,0.646026588921384,3881.7159599334,0.999913702775785
"res_ln_Rec[4]",0.549397154642497,0.286623615819058,0.00453191728590645,0.00453350129437482,0.0235645969137595,0.352235727874963,0.548539960649708,0.737103963814064,1.13463631797255,3942.78359743254,1.00054304324638
"res_ln_Rec[5]",-0.154681208214811,0.248065245252443,0.00392225591662996,0.00422830284982246,-0.656037526673792,-0.319857569231582,-0.147320517152768,0.0154134939782793,0.311638328717825,3443.59727959407,1.0000429385638
"res_ln_Rec[6]",0.230583015219592,0.215841675473944,0.00341275654242284,0.00340896614944896,-0.196579531264947,0.0932120934129541,0.229875644739879,0.373125098457944,0.647592824532217,3906.27284712896,1.00038883384936
"res_ln_Rec[7]",0.428245200500377,0.206019520254686,0.0032574546323,0.00325767459815038,0.0186548299780024,0.297146835492486,0.428541242007447,0.563919261181632,0.829210592445252,3525.90186986043,1.00045164081838
"res_ln_Rec[8]",-0.157754406497043,0.221444631102058,0.00350134704949133,0.00349211159381408,-0.598242694103981,-0.299740897542987,-0.157018746591657,-0.010480798303405,0.27311659631819,4021.46258312049,1.00011798589699
"res_ln_Rec[9]",-0.104196562047927,0.209030845483515,0.00330506786479315,0.00326514606378632,-0.517151548679072,-0.238888428686611,-0.101899211982771,0.0344044693929222,0.309374485791859,3819.68490820005,0.999900249064741
"res_ln_Rec[10]",-0.303101952610945,0.211507607509418,0.00334422891091347,0.00349832246036738,-0.753097487043475,-0.441124505984306,-0.294110537708002,-0.159312952923098,0.102662437513258,3482.50941913824,1.00000283763498
"res_ln_Rec[11]",-0.0640823805907543,0.225209361288536,0.00356087266031764,0.00367682301528913,-0.52904263294808,-0.208933369679929,-0.0571921114259561,0.0898524074050351,0.35162919079594,3802.26921746095,1.00042482880586
"res_ln_Rec[12]",0.0577248184149566,0.208565434600061,0.00329770907259541,0.00329763694680033,-0.367361983420294,-0.0760638207019118,0.0596757034910302,0.191432463057239,0.470190514583614,3907.46875624603,0.999843473946353
"res_ln_Rec[13]",0.120208277315735,0.239886312332325,0.00379293563234342,0.00384727618874743,-0.359831904506205,-0.0400700357277461,0.119857199330053,0.280269152646888,0.591866051637495,3773.08402830707,1.00012192178221
"res_ln_Rec[14]",-0.40181692895184,0.273063666720548,0.00431751566537027,0.00430619931474607,-0.961284848453926,-0.578686631145933,-0.394920761007473,-0.216532262328852,0.117927897205066,4154.36631706276,1.00038864139894
"res_ln_Rec[15]",0.0984977112563928,0.253608350647744,0.00400990010842755,0.00400988718471207,-0.400914677408731,-0.0710396355675695,0.106376157540712,0.26820561675646,0.591533473819931,3897.84786814925,0.999753104832875
"res_ln_Rec[16]",0.279882586089368,0.240023002301255,0.00379509689051901,0.00391505603088227,-0.182676046565759,0.118362124414737,0.277557999758018,0.4353205437234,0.755462423417441,3747.19032836354,1.00026838153575
"res_ln_Rec[17]",-0.0470900819024408,0.280680555152951,0.00443794924601919,0.00430227733794114,-0.635606219552151,-0.229716709661536,-0.0391679222003321,0.144463061053218,0.492186696506136,4113.40110570921,0.999812373927982
"res_ln_Rec[18]",-0.235905835001759,0.31665372214425,0.00500673495772964,0.00492265697141316,-0.885135470202415,-0.435925794006532,-0.220429890240275,-0.0304908811946487,0.380963809521544,4039.50184987604,0.999809548710394
"res_ln_Rec[19]",-0.230591931235121,0.283009966519797,0.00447478047365278,0.00447453198178075,-0.791031996925138,-0.415156129376791,-0.239529364727281,-0.041624048282086,0.330789737321945,3789.83060370961,1.00017797518924
"res_ln_Rec[20]",-0.20547790318922,0.279167852425481,0.0044140313158114,0.00449213578880001,-0.763504749728455,-0.384663270713107,-0.201922665368989,-0.0267201260529855,0.343726701379392,3842.14264597055,0.999751344367919
"res_ln_Rec[21]",-0.0450323610954428,0.265417625529534,0.00419662113913492,0.00429135275076637,-0.5638680709813,-0.216703297600732,-0.0472642326592441,0.12838225690537,0.477164129596639,3751.29674838924,1.0005059898274
"res_ln_Rec[22]",-0.0843088550291395,0.219693280824276,0.00347365577019853,0.00352985316799969,-0.528567589819558,-0.224273513005687,-0.0793245683648296,0.0616329396282023,0.344412245986608,3742.77467593044,1.00004742560712
"res_ln_Rec[23]",-0.0996121323553268,0.213761861411165,0.00337987179468268,0.00380455857348824,-0.5076060254586,-0.244688626825586,-0.103175543698106,0.0388502981812846,0.322050897520239,3155.01211963673,1.00148499956304
"res_ln_Rec[24]",-0.0310857504841227,0.168666142960317,0.00266684587955089,0.00272175533108289,-0.363153241450515,-0.147314024177295,-0.0300991703264071,0.0803862295546511,0.310345753098935,3869.22865620485,0.99995292548625
"res_ln_Rec[25]",-0.159674406344304,0.15300597698409,0.00241923691444513,0.0024186214257789,-0.467828464847395,-0.260388275427855,-0.160249341234954,-0.0584437804361175,0.144317072546775,3575.89716248498,1.00104967940934
"res_ln_Rec[26]",-0.574429284812775,0.265991442648156,0.00420569398441111,0.0041273788165213,-1.12372869054396,-0.748503420594403,-0.566960368103931,-0.398618531857913,-0.0706702692191918,4094.315445037,1.00026967029326
"res_ln_Rec[27]",-0.177573548970785,0.224367427498262,0.00354756051823602,0.00362876992461203,-0.62417638683481,-0.325677931826812,-0.177123155893185,-0.02658368094272,0.262180504648311,3842.55762613976,0.999757143649336
"res_ln_Rec[28]",-0.368980716040326,0.219786252353893,0.00347512577915423,0.00392497726982316,-0.791643859239891,-0.515409373483261,-0.37333840643796,-0.225468112176969,0.0779572815105543,2974.12325893994,0.999826960696618
"res_ln_Rec[29]",0.475549387277586,0.228582841103412,0.0036142120595957,0.00361391997715494,0.0230236283177697,0.324875351801001,0.474171847016617,0.620951507957103,0.932375059567842,3807.57701739498,1.00015925468223
"res_ln_Rec[30]",-0.0240351074017491,0.210137263793179,0.0033225618743104,0.00345037980569285,-0.422231815320324,-0.162829834984529,-0.0294496063207967,0.112489243533648,0.400941472750486,3520.80856539464,0.999839627792625
"res_ln_Rec[31]",-0.0461468759531706,0.262605013741539,0.00415214984201539,0.00457828508616167,-0.555542595173193,-0.221482454871281,-0.0510431775246998,0.126230996404331,0.484728553045868,3386.048388265,0.999846030946654
"res_ln_Rec[32]",0.0564157062331015,0.363824807542677,0.00575257530553634,0.00571826619556274,-0.632736443929742,-0.189727625675296,0.0408237405876166,0.292496398259474,0.787062039416395,3898.1510648676,1.00032718067366
"res_ln_Rec[33]",0.00235107784996904,0.373954958868493,0.0059127470616951,0.00597411039729616,-0.755695756832382,-0.237016379072338,0.00761028102487948,0.235412221527939,0.729075952542869,3977.86182600714,0.999767535872661
"sigma_r",0.142884682493307,0.0609875492076214,0.000964297822038404,0.000967799424848051,0.0571692532675401,0.100967442580697,0.131917925047999,0.172944023867821,0.294106048191784,3922.17580221091,0.999764025353899
"sigma_s",0.0462648724758347,0.0478886850300667,0.000757186594227098,0.00100031191033662,0.00135799928046228,0.0145467123394488,0.0320616345850784,0.061144692493687,0.176741185266535,1905.58127901277,1.00130260085432
"tot_ln_Rec[1]",9.38419861382388,0.26611254214565,0.00420760873558902,0.00441947996190347,8.85427074192268,9.20323960204233,9.38741820427992,9.57212918647951,9.88245830987308,3139.06358831337,0.999902664649672
"tot_ln_Rec[2]",8.71744276686082,0.248053864275391,0.00392207596758255,0.00420184906490656,8.19103059318926,8.56010009219341,8.73003324473046,8.88597378907928,9.17114383979034,3639.10829860146,1.00077582022085
"tot_ln_Rec[3]",8.92694227390847,0.245509625950397,0.00388184802749618,0.00388313530976057,8.38071797262388,8.7792156075581,8.94636412050275,9.09113655973152,9.36371036301332,3862.73975667535,0.999795651132292
"tot_ln_Rec[4]",9.57567390525111,0.149433865328962,0.00236275687001194,0.00236334204433754,9.26633794752101,9.4828521048276,9.5804694723916,9.67502953455251,9.85519888783141,3856.61715460648,0.999912868050804
"tot_ln_Rec[5]",9.40496316439158,0.137205408232024,0.00216940798653206,0.00239177197641764,9.12047041567988,9.32125857610142,9.4104084025249,9.49744576842297,9.66556017557315,3671.85509646341,0.999970496725042
"tot_ln_Rec[6]",9.31843533652952,0.127711607830447,0.00201929782193204,0.00220188073023995,9.03514321570025,9.24451583980557,9.32765168913047,9.4062686397097,9.54224668720577,3529.61907585508,1.00019643096561
"tot_ln_Rec[7]",9.78399346894336,0.117659979648605,0.00186036762569325,0.00211569364816658,9.52582706904239,9.71654562655119,9.79564841872474,9.86153196782675,9.98574700445288,2991.20975674466,0.999887325081033
"tot_ln_Rec[8]",9.35842904615441,0.116101129710551,0.00183572004401994,0.00183509457499682,9.12379846551075,9.28612028900165,9.36084627564978,9.4321487935454,9.5842075100705,3801.71413842614,1.0004709188185
"tot_ln_Rec[9]",9.30692829307986,0.129409570282918,0.0020461449655883,0.00210741240954065,9.07096820921678,9.22300960575319,9.30035254667017,9.38760733204259,9.58226260111098,3520.48195392488,1.00003067071581
"tot_ln_Rec[10]",8.91930143522483,0.161263413205323,0.00254979844490848,0.00255014774270386,8.59813943063154,8.81362417778389,8.92103676795734,9.0238019476583,9.245462881871,3742.93583352741,1.00046108592853
"tot_ln_Rec[11]",8.93224829737627,0.159244605964022,0.00251787829971171,0.00252539056503334,8.59586619983077,8.83133184177349,8.93890851336805,9.03552140163906,9.23134583611593,3870.92025911217,1.00049069323443
"tot_ln_Rec[12]",8.88209748443691,0.153744683944149,0.00243091689703116,0.00257704660570391,8.54560247395035,8.79129399707127,8.8930529562111,8.98834940446639,9.14662147263879,3528.24524051107,1.00036403978817
"tot_ln_Rec[13]",8.75331635855149,0.173888046466309,0.00274941142355364,0.00312538322929489,8.365712497995,8.6534899729464,8.77201160109475,8.87209311841689,9.05575215456468,3121.44511906853,1.00143879966228
"tot_ln_Rec[14]",8.42805149359357,0.249551794562822,0.0039457603250047,0.00416933265968462,7.91674878055578,8.26703116783322,8.42588095435201,8.59061446138568,8.92391640151728,3570.19535885206,1.00081658427669
"tot_ln_Rec[15]",8.82778695523523,0.26987001549422,0.00426701960573333,0.00447411655273118,8.29393241244762,8.65340052340384,8.82566091072138,8.99965621353077,9.36350391208143,3595.62094438345,1.00047766108373
"tot_ln_Rec[16]",9.14206895556086,0.250475192421182,0.0039603605270994,0.00413598454967848,8.64411844068538,8.97899592615796,9.14085127724087,9.31217887361511,9.62705280623236,3554.14685329386,0.999835297915073
"tot_ln_Rec[17]",8.90679839545906,0.236607077932007,0.00374108638391052,0.00384412906832141,8.40517907786152,8.75681005364387,8.92153252812536,9.07073901427327,9.32687854666415,3643.79764851676,1.00070682271052
"tot_ln_Rec[18]",8.43880979260915,0.286168864700416,0.00452472703938937,0.00459588080629961,7.82786779037732,8.25741522424776,8.45199850648426,8.63658841175307,8.95064241387523,3730.67318243848,1.0006055523669
"tot_ln_Rec[19]",8.52988511363224,0.213600772407544,0.00337732475389544,0.00346755900490634,8.08745578197205,8.39395000069005,8.53506959789548,8.66867037783242,8.94439713271107,3653.44543834628,0.999915803427475
"tot_ln_Rec[20]",8.5615245280432,0.2155673452504,0.00340841900073572,0.00340931930386041,8.12193168573239,8.4243453853986,8.56322922827643,8.70456717424245,8.96790609380863,3927.77140357663,1.00033523690064
"tot_ln_Rec[21]",8.89852476717827,0.1765357652112,0.00279127553274054,0.00282687989751043,8.53352387898958,8.78396153482606,8.90657772298002,9.01837651234115,9.22397198926975,3905.37767566169,1.00019530828183
"tot_ln_Rec[22]",8.83012996561642,0.165538859480836,0.00261739918612999,0.0027130802485558,8.47292914590431,8.73006122590327,8.83826311942155,8.9433518304226,9.13508520874523,3522.60028572666,1.00068206096994
"tot_ln_Rec[23]",8.73401273621181,0.146148367897858,0.00231080859436733,0.00262277131349831,8.41274077362169,8.65143662699635,8.74632594506324,8.83050569476946,8.98632878053823,3080.98641454955,1.0002813425849
"tot_ln_Rec[24]",8.65223100502596,0.134193292391263,0.00212178225336668,0.00254821330410412,8.34778528148201,8.57680233890672,8.66729874094489,8.74309305053445,8.87529401975306,2830.02658183081,1.00037201790698
"tot_ln_Rec[25]",8.62133181876842,0.12804996766803,0.00202464776070948,0.00239251205382895,8.33130066067468,8.55372162289318,8.63612694337359,8.70656755772224,8.83552805887579,2922.27259242511,1.00015122453383
"tot_ln_Rec[26]",7.82098198739542,0.145197902321819,0.002295780414078,0.00264428465770431,7.48793428323339,7.73800383445237,7.83477608861723,7.92001907092796,8.06594627948552,3298.13939773918,1.00032092196416
"tot_ln_Rec[27]",8.20426419480862,0.137221029602919,0.00216965498209307,0.00234436159420172,7.9107825732968,8.12643479553887,8.21469429152741,8.29529782460309,8.44137569382936,3433.98197803009,1.00058733969232
"tot_ln_Rec[28]",8.17492082631872,0.13309234531444,0.00210437475163635,0.0022913659259278,7.94490995648882,8.0854829007163,8.16324639057132,8.2540764134327,8.47684692417452,3320.20834769624,1.00034711674863
"tot_ln_Rec[29]",8.82036050880398,0.129900950781768,0.00205391437345909,0.00241558895938807,8.56931790832246,8.74588484668182,8.8116944397693,8.89252760741851,9.10090851896287,2925.83770326438,0.99987435988276
"tot_ln_Rec[30]",8.73826013710892,0.167488215340431,0.00264822120856257,0.00291204417755172,8.40130940767506,8.63813339103968,8.7354439822033,8.84074049692068,9.07396688390191,3194.21666202007,1.00103839229583
"tot_ln_Rec[31]",8.76325140330495,0.280978919664475,0.00444266680316608,0.00509763380473611,8.23529395903135,8.57029888293184,8.7583210662978,8.94362707250282,9.32728470224288,2898.92352938755,1.00015356343963
"tot_ln_Rec[32]",8.66121543458551,0.444278664024586,0.00702466247067201,0.00755018320586056,7.79105486809173,8.36575988870803,8.65466672719132,8.94430810457141,9.55794966947529,3346.14869206489,0.999838235983444
"tot_ln_Rec[33]",8.85199119805941,0.53354940754081,0.00843615686031189,0.00873859952377881,7.79515275131549,8.50532565892874,8.83734660093139,9.19292565814328,9.97139558532379,3659.29037707876,0.999817311061934
"w[1]",0.437173478250707,0.381851364006402,0.00603760018951135,0.00613187531402146,-0.308460308821881,0.223294218451349,0.446643614863896,0.671204837021102,1.12201030205061,3681.55287971987,0.999955786213627
"w[2]",0.24364744007496,0.383124247541602,0.00605772624534814,0.00622694356349492,-0.522986876257088,0.025350581601369,0.25649234190357,0.485335474414154,0.916097517399731,3527.24260006518,1.00010729556911
"w[3]",0.26950727005028,0.378227383910374,0.00598030003301852,0.00620540614234503,-0.524178560812345,0.074679410131104,0.287796259849365,0.50097401808877,0.918058331658545,3589.60237664591,0.999786016893028
"w[4]",0.716516877939531,0.362557630257134,0.00573253947342861,0.00592386023390077,-0.00889466189266594,0.53802696090231,0.738197958189333,0.933451637148872,1.34027358519616,3809.44385706418,1.00029334742411
"w[5]",0.283980801364945,0.357773144808916,0.00565689011618711,0.00573826605755118,-0.457232602991248,0.114672698698696,0.307915340338911,0.501490553771838,0.875690785928096,3941.89124182501,0.999969703680674
"w[6]",0.400127736842685,0.337460646711511,0.00533572132140892,0.00522915446757835,-0.324968653509023,0.253795484284297,0.430871592023831,0.590442055252523,0.941377855016412,3950.51164415411,0.999789787066263
"w[7]",0.67117311034967,0.362743513044935,0.00573547853836497,0.0056923880182345,-0.0826874488217133,0.492575551938074,0.696046961737567,0.882512764031628,1.26628816428794,3721.14520529312,0.999881823458091
"w[8]",0.260032947038964,0.345617719662445,0.00546469596923443,0.0056552374626562,-0.480007446646167,0.111309864436463,0.287739910983766,0.455700495506737,0.826617912889971,3526.71823759853,1.00013726283846
"w[9]",0.0479291826205517,0.375030985268084,0.00592976053292099,0.00602570575503005,-0.742134554231289,-0.128977085242816,0.0787518902093814,0.27091849388171,0.65110630643547,3738.53177099415,0.999782573843418
"w[10]",-0.28953901206646,0.368050972645468,0.00581939684300004,0.0060431879426043,-1.04718500616127,-0.465560572278955,-0.257979608234859,-0.0708728858825034,0.30633424797446,3670.67007207824,0.999807114894293
"w[11]",-0.260933817785511,0.37358550610655,0.00590690550061721,0.0060695907502461,-1.03853487592323,-0.443609329492358,-0.231225316401938,-0.0345204511267095,0.33785067679571,3746.03711327826,0.999878608851422
"w[12]",-0.119794025044319,0.377073838709817,0.00596206088192995,0.00603822825247153,-0.921460497941202,-0.299978684798167,-0.0860374209157219,0.103528220353821,0.494794745748797,3745.60307187147,0.999933524127332
"w[13]",0.0297390204332656,0.413126350195306,0.00653210114024757,0.00663695485977777,-0.856862053704171,-0.176529102256882,0.059867322028367,0.281804752461291,0.705708126570799,3888.4447783513,0.999869756233889
"w[14]",-0.40191655216334,0.410404655473866,0.00648906736817053,0.00648771582103468,-1.21712244562671,-0.623747142877576,-0.386040941561334,-0.146295755167213,0.323744094768944,4035.20615906704,1.00013244141809
"w[15]",-0.161527841382199,0.405822821785197,0.00641662221658911,0.00649647075105065,-0.97520432566329,-0.386242431292383,-0.15185724043026,0.0858491284054127,0.559104676396038,3889.02392417111,1.00021021303333
"w[16]",0.170177901066708,0.400657910671292,0.00633495780142783,0.00645712768087485,-0.653313968214479,-0.0451169125871284,0.193930738057882,0.40929045549447,0.866208094462839,3755.09256870372,1.00093260607634
"w[17]",0.0485199840373026,0.379633906764928,0.00600253911202589,0.0058112563066102,-0.743936878498224,-0.147189310412478,0.0727286666405805,0.284012764682762,0.67891961324651,4211.82624104006,0.999804508424037
"w[18]",-0.215981787899222,0.402689799312922,0.00636708478172471,0.00636736724712793,-1.05053779890571,-0.426954045948496,-0.194560423614877,0.0283550594493211,0.476128122916575,4048.95514981829,0.999823390337434
"w[19]",-0.378209100528831,0.385582461407165,0.00609659401930307,0.00629547658798899,-1.16358412511566,-0.574504220376727,-0.355859125181159,-0.142787391235364,0.280090514386997,3752.77331878161,0.999786047700584
"w[20]",-0.460321361557579,0.401051027428513,0.00634117352312382,0.00645747744864799,-1.2920255604333,-0.669949436136121,-0.441776679231069,-0.212400423292058,0.255807557096513,3780.09552389516,0.99998289758413
"w[21]",-0.35406375783178,0.404647037246614,0.00639803143069145,0.00647194456118088,-1.23682900360733,-0.554880174487477,-0.319028125204648,-0.109313101108866,0.304817624029421,3842.93478842195,1.00008218191921
"w[22]",-0.330680228731353,0.403269508843894,0.0063762507942206,0.00653276202527364,-1.22290378704793,-0.516431026347866,-0.298426548390096,-0.0888843989643071,0.316413618761053,3784.28814611059,1.00017594843499
"w[23]",-0.334644571123614,0.385346024296922,0.00609285562034429,0.00649516338710562,-1.15382133529076,-0.528863852716686,-0.299926863987868,-0.103744022558513,0.284662944645297,3411.86214392087,1.00015613602103
"w[24]",-0.264914376442087,0.360396840505339,0.00569837438762651,0.00613100260180157,-1.06208767694538,-0.427798385483765,-0.22644540402502,-0.0492874851253914,0.290208900051883,3222.61073648699,1.00003500682237
"w[25]",-0.350034793153724,0.328216292307192,0.00518955524433163,0.0055931514687139,-1.05271230630258,-0.485904011273543,-0.313318266413889,-0.162103304819885,0.144453908040906,3326.5505346746,1.00004720496421
"w[26]",-0.814257772265409,0.386139104794881,0.00610539532405135,0.00610566952917557,-1.60945416504441,-1.00852610455077,-0.784286580921461,-0.578125997292806,-0.166721977762949,3832.97849788555,0.999780281575463
"w[27]",-0.709529697939779,0.334733277240055,0.00529259782365587,0.00535508346804184,-1.42242676268346,-0.852406076002783,-0.681685799115658,-0.510495288380293,-0.199034702133126,3726.38037570487,0.999830697942168
"w[28]",-0.835053576372433,0.342568449446281,0.00541648277381248,0.00564221012690545,-1.55535212318417,-0.990376441062858,-0.817051155791557,-0.631745016008211,-0.279068834414712,3436.83493536305,1.00002566254126
"w[29]",-0.0688452179603561,0.384376735912248,0.00607752982531871,0.00607949592157565,-0.911540207383482,-0.251384020167686,-0.0312935489397344,0.159141588267499,0.553429049970868,3838.27420878092,1.0000850569036
"w[30]",-0.0930545258896335,0.355082266221821,0.00561434358997612,0.00575445170354052,-0.833100043282286,-0.270851235289227,-0.069057749277983,0.128342882835802,0.491656362329048,3683.9730285204,0.999863947023388
"w[31]",-0.123896729988972,0.402326827054248,0.00636134568640037,0.00646769418125565,-0.916700523783666,-0.339423856127977,-0.102552491777276,0.122152640642607,0.572261511405323,3612.55449471771,0.999809858344829
"w[32]",-0.0387615990000574,0.475999541334074,0.00752621357905568,0.00751404203806059,-0.990549957977626,-0.320962085971945,-0.0309443998865348,0.262079132483843,0.862384240394283,3744.01711502228,1.00003909015651
"w[33]",-0.0384600526609563,0.511434663806348,0.00808649205995269,0.00787440555589135,-1.07442221434083,-0.332766447136509,-0.021993460876628,0.279552377042107,0.934567460104146,3854.17462629141,0.999954331126005
