"","rhat","neff","mean","sd","X2.5.","X25.","X50.","X75.","X97.5."
"E_BH_a",1.01607524830604,206.528652519086,2.1496252050677,1.01965560448869,0.560121030047565,1.34744976203999,2.06603769110825,2.88073335794762,4.05091037435611
"Rec[1,1]",1.01359335502811,279.000093857132,256.080867541428,379.902876800188,0.506055591347462,31.5091710211284,118.713344052143,323.141046603622,1327.95461538424
"Rec[2,1]",1.02160768909481,360.271491861664,152.205905930082,227.866357538253,0.128656897189355,15.7782823301493,70.2878036914403,189.619350802392,824.15035509452
"Rec[3,1]",1.00737693579497,315.325178785737,44.8204990147231,60.0843102566044,0.0250105254288298,4.70457540780797,22.3029282205712,62.013057002732,216.696718471393
"Rec[4,1]",1.03777339119522,133.440094113128,270.14952909854,370.064927833761,0.0781609754815363,27.2861059206764,121.680988201062,373.432546703709,1360.35516147962
"Rec[5,1]",1.02593467542779,182.982895579152,182.927344748197,231.514382678804,0.924600057870163,24.3921470246429,96.5370345232826,255.531429637765,815.541809796547
"Rec[6,1]",1.02231977259086,175.293612947257,135.674087509406,158.507980969543,0.989029290633662,23.4610530462192,78.1189288642593,194.306294689866,546.080768199916
"Rec[7,1]",1.00767922175529,523.336539079142,327.2853436123,200.670910145007,53.3825357399932,179.223008119829,289.591700999954,437.91583039523,805.253062748175
"Rec[8,1]",1.01203247544672,356.045971692729,104.072749569353,81.3666277036939,10.4878729472871,46.2608467601875,83.0038722901445,138.181785683946,314.859345056073
"Rec[9,1]",1.03795490742638,129.748982445041,32.1175535665621,41.1562987786538,0.143397408943193,4.630373586207,17.3551303663582,44.069245018836,148.753857964562
"Rec[10,1]",1.01083631672206,190.384671744079,47.4239069837113,63.4654027695792,0.0108053401375614,5.44505309371608,23.4540253605283,64.7105228859876,223.245239885879
"Rec[11,1]",1.00759789361173,514.806808177355,80.0147245357561,61.9412551872316,5.7489046464365,34.778393960779,63.9630029049301,108.962853952099,242.750141568086
"Rec[12,1]",1.00664704296309,231.752304450329,115.729467591972,155.339522953258,0.280733749725018,15.1006761066348,59.7116827994272,155.267489968102,571.531120590597
"Rec[13,1]",1.03356055814864,194.810951062312,48.1160051880733,62.2422659050947,0.0385192774539752,5.38580936104896,24.4339464543168,66.7495963090225,223.186512839524
"Rec[14,1]",1.00393320825775,1427.38669265674,266.99571364517,147.187398384763,63.8349770429978,162.424243353407,238.863432745911,343.210344281824,627.477305237989
"Rec[15,1]",1.02203408252144,223.392415312973,43.2875829952801,56.498065906936,0.0143556288644162,5.48803480833373,22.2475704922419,59.9826951788587,199.519328859334
"Rec[16,1]",1.01851043766021,210.082584551763,89.9442318475776,127.086589465148,0.103454228338137,8.53357845470232,42.056751132885,120.773920880202,439.506283310352
"Rec[17,1]",1.00716664467976,724.62067124316,148.652542812888,126.467894417509,10.3926529903558,59.7271300751476,114.844932093447,201.856363835464,470.703452089745
"Rec[18,1]",1.01055255826888,378.071080907016,73.0347184893409,103.050331348118,0.0333927982168307,7.32303947487919,32.7975793853477,95.9189068584093,363.69968605846
"Rec[19,1]",1.00859995070318,371.019048644214,147.409670257221,197.04974085648,0.0514873400565597,16.1988058067817,73.3455539735146,199.887875074066,690.448245400328
"Rec[20,1]",1.00485208821852,365.110430176032,108.074551785835,140.580853716712,0.272562238298196,17.9760056577936,55.7303445542076,141.624549862798,515.633091888656
"Rec[21,1]",1.03584259792492,239.964238753883,89.4788783163255,120.045991890553,0.0740744251015644,11.5452425433904,46.3001548982101,121.215464468249,425.818869047108
"Rec[22,1]",1.03105315911225,132.045997785148,111.079077812866,144.442608847587,0.0419632666761159,17.4670296651789,59.5987352614665,149.618733716131,521.53608818171
"Rec[23,1]",1.04291473561017,113.648839079808,96.7345683341074,132.868424048459,0.105655039718578,12.300230748161,43.7416297774032,127.404742212108,468.79059268601
"Rec[24,1]",1.0345954342181,125.020757155806,42.0933598175974,53.1844926679685,0.466321668894688,6.95328709259028,22.7835462830876,55.6280403067594,191.546724353859
"Rec[25,1]",1.0071262607162,637.565206339501,129.161403371722,69.6920641440475,31.7561935657054,78.4622510528613,116.739594553244,165.500032091502,299.60449173708
"Rec[26,1]",1.00654146699178,668.167348779469,59.7200679272548,33.5402713429493,12.5824449891616,35.3237406582155,53.9766881499175,77.6049783536831,140.190100272066
"Rec[27,1]",1.07050216355888,124.998516590846,8.36849825138668,11.3242904719797,0.00600115255919338,0.934602311814031,4.10352111901838,11.211922829279,39.5346880382253
"Rec[28,1]",1.00314548329292,464.925097542333,65.5231445757444,37.9955158619858,13.9934089289492,37.8405221634301,58.3494526493355,85.0687932747291,158.61842203049
"Rec[29,1]",1.00108554305686,763.827059829648,94.4976562836082,41.6537816724928,34.5891507573926,64.2166197405677,87.5520840961536,117.141668310586,192.727391689346
"Rec[30,1]",1.01098022668883,347.894193332016,99.3528721688416,53.4306226012526,28.4988966241889,61.5030000458393,88.8629388542643,124.942025186416,231.831717588735
"Rec[31,1]",1.00653902690513,693.381501681285,88.4470984619129,39.1844392605098,31.0405789698676,60.2993106254253,82.2009541522081,108.985410935166,180.85403929867
"Rec[32,1]",1.00390772493352,1308.39399931476,202.810006037268,65.0192918016247,98.6750807152535,156.525238469614,195.271647961106,240.458026725069,351.15039980183
"Rec[33,1]",1.00356797059886,851.335395138428,326.420153693175,105.087209370416,152.249993906197,250.695584645103,315.710813808024,390.104699997251,557.505086821533
"Rec[34,1]",1.0017820516078,930.156259094723,173.704224435021,68.1016152593803,68.0783823873789,124.090819529453,164.467633819609,213.411879170227,330.615688534051
"Rec[35,1]",1.0017899131236,838.52609997968,187.567877540631,100.386400934012,45.53720070324,112.101061363506,169.975424272293,242.917186134887,433.151653318869
"Rec[36,1]",1.0474320086869,118.649177751927,32.536359951696,43.3552278442013,0.154289914781742,5.04085166124929,16.5470747928923,42.7259400193422,157.909684299849
"Rec[37,1]",1.00515195266967,1031.75157868768,153.927444535287,67.5159347291443,51.8793405715949,105.911194172431,143.140136473286,190.496118369902,315.510354382398
"Rec[38,1]",1.00952405147221,534.153945438546,112.344792372029,86.2089282731071,11.2086364314779,49.020087460546,91.4263335127268,152.103958226371,329.005037049831
"Rec[39,1]",1.00508515841605,888.641194689705,46.8460115898021,30.1716235597895,7.40923820646912,25.1406587193235,40.3595581983021,61.6343663534915,122.380320500397
"Rec[40,1]",1.00351682294611,742.641141104979,40.2081990975995,34.4751303619959,3.0616162200172,15.996479916516,31.0365121360181,53.8146662620036,130.011452312003
"Rec[41,1]",1.00131078879447,8549.40735567835,127.588445536028,190.070208178894,0.209934049370718,14.600220886293,59.1179334765667,159.581872969394,661.996087663123
"Rec[1,2]",1.00153602290795,1139.8609359934,4578.35817005741,1938.35292309884,1675.50690072188,3121.08150614771,4263.02981693987,5780.66262594145,9129.06646815387
"Rec[2,2]",1.00063780960134,4063.06364303392,2242.70456435304,514.523911166476,1347.7704055449,1889.98568181908,2201.48587609742,2545.16165215928,3387.52469154988
"Rec[3,2]",1.00288568509506,1756.3355589604,2907.49137443701,1067.49295135026,1191.82304255116,2136.27763232045,2786.57921739186,3550.88385872115,5304.57561007942
"Rec[4,2]",1.00067723468769,2150.89178063252,5381.44926139633,1181.01855929096,3302.71252554931,4548.01394679079,5302.70725518093,6118.13166894683,7889.75550669126
"Rec[5,2]",1.00054401802824,2205.14933163982,4952.69225559858,1107.58248907701,2985.83426605129,4171.38813063343,4882.67436032252,5653.1489955419,7337.93883169528
"Rec[6,2]",1.0014688826676,3010.57397771707,3746.99143663844,747.46107723406,2422.26795883386,3226.16485635343,3702.31372914059,4202.92011476327,5342.2979360161
"Rec[7,2]",1.00140551553945,1074.00185036267,7248.82828218067,1213.84429507238,4927.40518535802,6430.1582354321,7226.03617914393,8052.46959438846,9707.52073709757
"Rec[8,2]",1.00088341899097,1549.05895865938,4423.76527924876,749.504770350977,3080.03493942947,3909.51920851191,4388.42579124794,4883.80620047084,6034.58336877319
"Rec[9,2]",1.00141594415825,2650.21291296694,4518.33382219627,827.669451245019,3077.69866142057,3958.5943695222,4445.76744777765,4999.59695263803,6369.81338461927
"Rec[10,2]",1.00298106235347,1156.83332829102,1338.40541797966,328.57839400274,807.012834062251,1107.28100574006,1298.30871697795,1525.89384300034,2067.83859642325
"Rec[11,2]",1.0042060146533,1885.27511356932,2645.41440640937,742.598772288584,1376.5055974212,2112.1064564089,2588.14438194107,3108.63751050544,4272.35337915026
"Rec[12,2]",1.00085129799473,2649.01042289275,2132.97733211111,504.402006684872,1277.03778018101,1778.27830358888,2091.35627084746,2445.64453450745,3222.87770853434
"Rec[13,2]",1.00131415179496,1415.40631090796,2685.17373868832,565.707839374655,1642.79559892561,2283.81617459794,2671.75038290323,3058.77258928397,3853.46726142924
"Rec[14,2]",1.00207625109399,1129.80123044759,1575.78037846695,409.133457431803,866.126515644238,1286.49800611716,1548.04427813117,1833.22776920304,2463.68461360255
"Rec[15,2]",1.00269639966779,1166.82751600603,3173.11213041782,1067.67358925752,1588.17960053702,2413.83172555687,3001.70726701879,3755.58728727606,5692.61732175889
"Rec[16,2]",1.00358153204334,1021.06128926686,4153.20272999001,1330.23329803913,2133.05014251026,3224.22280665201,3964.8988256563,4874.78641329045,7259.57925388268
"Rec[17,2]",1.00028003392708,3159.35114678164,2551.17862844613,714.733365260932,1351.66587666668,2038.35023339076,2483.3666330272,2993.24223035045,4125.42805795152
"Rec[18,2]",1.00068174165753,2127.11998331397,1960.10940637242,755.744277090548,798.585581607307,1417.8632109606,1857.18117569475,2394.77711507429,3713.20911073923
"Rec[19,2]",1.00322216115579,1742.17008233976,1701.52697789546,571.607582473217,773.337025094764,1293.54190240791,1633.318677,2043.64253812849,2974.90651338566
"Rec[20,2]",1.00256308490913,2307.99425641437,1461.60455215352,479.100067689807,689.792731714965,1121.25139185709,1408.87110576601,1740.86461707414,2572.78458783754
"Rec[21,2]",1.00147995869027,2458.69458497921,2295.96892855181,663.282870670291,1190.32899057711,1832.12871026645,2235.56180519315,2678.14056148571,3813.2537657616
"Rec[22,2]",1.00244124456975,1752.9708494542,1836.3284647452,580.54049892251,868.678785163603,1421.7507915329,1777.80234045625,2188.75684186598,3129.86857485033
"Rec[23,2]",1.00181600338,2195.08132914824,2488.85329341114,549.059545805695,1510.30265285436,2104.51660484737,2458.81508816063,2830.52505897138,3651.02230922298
"Rec[24,2]",1.00134684003062,1537.24370187588,1159.05119798086,266.9097167356,690.510285380614,969.810375617976,1138.72652313216,1326.00894650846,1727.78945094172
"Rec[25,2]",1.00847585908685,551.649865416339,2208.51703968441,399.454191817142,1448.95092261699,1934.22541737593,2205.41020764616,2467.91185519627,3014.67853068252
"Rec[26,2]",1.001147307924,1530.0991947579,704.08972905856,138.05271983071,461.698959103243,608.332573904686,694.394913233981,785.473377049018,1012.0145967975
"Rec[27,2]",1.00605538069306,394.995243447136,2184.12149626497,416.781671210651,1405.40397695453,1892.42863156941,2172.1209781685,2475.5193591505,2994.44521389742
"Rec[28,2]",1.00183881923694,738.553238551041,1587.28492115252,301.752409409443,1116.646328217,1370.14065165787,1546.75518382471,1754.59907285928,2288.412042717
"Rec[29,2]",1.0058778348546,1019.5734886327,2866.12041041477,503.929887493909,2046.01382299723,2520.79431595535,2800.70668641618,3146.66658364872,4041.64518149532
"Rec[30,2]",1.0052618323868,1260.57231664798,1896.81319580005,321.159254374416,1346.67479897775,1677.44303301795,1868.6473368786,2081.191126311,2618.97323264504
"Rec[31,2]",1.003265549838,1136.33408029016,2293.50325138676,388.093819483739,1611.09510413545,2030.95910720661,2261.27362350218,2514.7357443705,3156.73196779424
"Rec[32,2]",1.0104098172783,538.38118752385,2258.91204821313,418.774686252536,1458.94376099524,1970.62112297234,2255.31520661335,2537.19318726361,3081.43815790165
"Rec[33,2]",1.00454588511572,734.593409521798,3790.84301499335,666.553243408685,2477.5770336368,3354.6269015038,3796.60497187226,4231.28875340019,5121.53963502172
"Rec[34,2]",1.00261188737972,1211.30928017542,2784.47345079862,552.769504289409,1784.93200654007,2410.64570957401,2754.04094733224,3129.16135515932,3955.71114113752
"Rec[35,2]",1.00215137291019,1648.51144805749,3168.43928938175,609.267814199979,2058.36835796603,2759.42819628679,3142.07419659896,3537.96467510169,4478.55261856775
"Rec[36,2]",1.00091402449034,1475.04878175719,1241.43423622231,261.807164316928,776.154976813637,1062.33863267262,1224.03990711329,1398.3712209822,1809.97556575073
"Rec[37,2]",1.00028268582219,1554.70265163292,1924.19426274797,440.044596172253,1140.77096164702,1611.38930126751,1900.97452360475,2202.44573008055,2876.15998468373
"Rec[38,2]",1.00181832938687,1708.57389098445,1544.39742904744,284.742574785173,1048.99637390111,1350.02979918688,1526.74105305093,1713.60845199575,2165.65533069761
"Rec[39,2]",1.0025588621838,805.689205685991,2323.38839309046,509.321320526594,1587.09212050624,1966.61143554932,2235.46535529618,2589.35215926464,3551.73846145979
"Rec[40,2]",1.00135243912035,2423.73563324509,1663.07178124565,884.069436868009,538.626564551511,1066.32411323365,1476.13096796767,2052.36647929097,3813.65682135448
"Rec[41,2]",1.00028757364843,5255.95632316288,2125.60527776836,1227.80035877433,619.505879606721,1307.4318231243,1863.24289568717,2631.76010043851,5109.42374292021
"Rec[1,3]",1.00071320319456,4112.78593063133,5216.62105304453,979.22326547991,3464.93018576274,4570.66024750681,5148.38820105802,5773.11666334657,7327.97892449585
"Rec[2,3]",1.00186204548587,1501.744078957,3153.87350136621,1061.01544279944,1425.9839942837,2389.57054519421,3060.56676348057,3793.92627948479,5545.39906532221
"Rec[3,3]",1.00153879759412,3104.75311432101,3368.32219014482,920.147314102132,1788.72110676842,2717.25926009451,3288.9884317854,3933.71009794009,5377.73159648167
"Rec[4,3]",1.00199112189071,2255.80643484213,6571.02785500804,1301.0842183303,4236.53599121679,5656.72944733647,6513.79684856903,7394.66997577965,9277.83402816352
"Rec[5,3]",1.00068325871867,3277.88546722309,5308.75768559388,986.213248651492,3598.32276899916,4628.68083084168,5233.44658858782,5899.07633725752,7489.91332706788
"Rec[6,3]",1.00114208866028,1218.21655819449,5408.30819014846,936.904742012299,3679.71944711368,4754.78835300662,5388.28444653056,6008.35711264192,7342.3453042029
"Rec[7,3]",1.00166816384043,1510.85734741602,7519.02328723196,1185.02864515373,5310.29035841646,6725.17310011835,7475.433189964,8259.76978394589,10019.0178551545
"Rec[8,3]",1.00091400773531,2077.48012271574,4984.97183706108,895.1096371405,3418.31980854986,4377.46924164418,4914.89729413611,5526.47762347494,6931.0228972468
"Rec[9,3]",1.00169312061815,1065.93582177163,4854.69990938151,876.395302721151,3493.54220481094,4259.15992705443,4726.74300580212,5313.93767524033,6902.11533600871
"Rec[10,3]",1.00256824929122,2778.15697876126,4015.25258582526,960.318174137212,2368.11685451445,3346.59181438555,3929.23429394072,4598.20369567659,6166.05719863286
"Rec[11,3]",1.00070038710163,2968.34527137184,2806.4931018145,599.05226522058,1767.87037078348,2384.88817861929,2769.6532801207,3180.00319455778,4093.28972688897
"Rec[12,3]",1.00131533760481,1914.96671479636,2513.92689710638,546.906521312114,1518.0462203771,2131.38679932818,2477.73332365079,2864.792423701,3676.74156115024
"Rec[13,3]",1.00544138420402,731.881995621342,2722.02373949794,609.249982783209,1588.2805213798,2299.88515987638,2703.09944664709,3129.07275285217,3979.75234808818
"Rec[14,3]",1.00121274140517,1543.40970616001,2080.7077203233,750.476660251681,952.010023869329,1544.29960426865,1970.5534677004,2481.8917336349,3852.53854783016
"Rec[15,3]",1.00294326977823,1244.82470788897,2292.65104634706,790.11402977711,1083.32032934902,1735.23196312186,2178.03765681984,2720.87540200764,4160.67227287056
"Rec[16,3]",1.0002743863989,2795.93323993283,3486.04305624834,898.450791689873,1930.90033826772,2853.11192426378,3419.6975929419,4039.60251886024,5442.98593485722
"Rec[17,3]",1.00276602142033,1209.03408367085,3803.32391596616,1121.46475008855,1880.20472404677,2995.29456286944,3701.17394997512,4508.03126741061,6235.10713836591
"Rec[18,3]",1.00041935581867,2448.9949879777,1845.33265047952,591.740556966434,873.953701081449,1427.11555607949,1779.38602232318,2196.58479328019,3168.75472004473
"Rec[19,3]",1.00090811614199,3497.13777634776,2814.38828344968,678.517909657142,1677.76312048782,2346.84800586266,2752.80799848333,3199.08619512558,4348.94824634341
"Rec[20,3]",1.00291346240843,3197.05360279818,2701.34274175265,698.059156652876,1525.31462657667,2211.3187466354,2648.52280283238,3115.72502888735,4242.41410471581
"Rec[21,3]",1.00241885059847,2604.76129282009,3791.47143032714,879.448634848053,2242.69544282503,3186.80522244075,3730.85455138244,4326.64147949219,5665.96843741298
"Rec[22,3]",1.00114912367706,2012.25053453107,3122.74162687988,641.505312381517,1960.70326911063,2694.47277672918,3090.54886255083,3522.55964466437,4481.20740419688
"Rec[23,3]",1.00337526134832,1089.51019359007,3020.28651340507,557.562996514612,1976.96974014632,2647.50835261624,3006.95907421142,3373.22015516744,4186.05021795244
"Rec[24,3]",1.00983366987806,502.478741027276,3302.61081446893,574.314211353394,2200.44168064368,2919.74055756011,3304.15576746819,3681.95582632742,4417.59204780287
"Rec[25,3]",1.00370753888684,1300.48868584896,2665.10170043984,417.168634178857,1911.37882738566,2386.66678728305,2649.88358717844,2913.09699219678,3543.82563392378
"Rec[26,3]",1.00551233994352,452.464385045982,1327.6799952028,275.626138372327,820.936533297446,1132.86427639983,1315.25962087483,1510.82450865084,1899.2602127213
"Rec[27,3]",1.00205403034206,683.920852197576,1114.0515106225,219.732444324654,763.569280159683,960.445832975437,1084.11759457673,1242.78020758076,1616.76845442865
"Rec[28,3]",1.00348910652632,1157.80520946999,1423.20620948571,275.890250364863,972.027366468513,1232.89277793912,1388.48734334358,1579.79761413764,2059.45725631977
"Rec[29,3]",1.00547671546147,1194.93979744354,3225.4124823601,516.772006288916,2321.72787402959,2883.769022042,3182.30561831763,3517.73880489529,4374.2083957685
"Rec[30,3]",1.00309419584558,1103.71622810088,3367.2403043736,546.163403607379,2410.97204030205,2998.92934318618,3323.63803231736,3680.10231839048,4605.50222635424
"Rec[31,3]",1.00898564323581,465.064164997678,2981.24913951201,539.583986228508,1951.48152869845,2609.22337102161,2974.89369992529,3342.13782708482,4042.41041385926
"Rec[32,3]",1.00444760733071,582.472032880205,3507.79556791484,609.654631815019,2311.35232562015,3108.07979331145,3517.85203423534,3909.56041254373,4711.25196228199
"Rec[33,3]",1.00347520668095,1064.49546815997,4363.72023268536,813.682000968283,2838.1198195589,3813.84733842969,4343.41130929055,4872.99218784424,6077.50759411038
"Rec[34,3]",1.00062313947823,1742.50974692572,3451.33585759503,654.907750852735,2231.26670297492,3002.13538520092,3418.3689594629,3854.16239775678,4875.37127743271
"Rec[35,3]",1.00024599929895,1324.96909795398,3406.80064944186,590.985507512281,2314.67977775478,3026.65729903366,3371.53554414503,3752.3622207089,4696.02575715355
"Rec[36,3]",1.00155363826967,1067.71460349381,2540.29780116162,551.516608576747,1532.6513192676,2158.91790732679,2520.53122479435,2892.3447501371,3683.35727747764
"Rec[37,3]",1.0012894793274,1556.60618938323,2102.52685388811,363.610149863342,1438.03671068004,1862.98344411443,2088.27919780001,2317.66623931978,2908.70690314426
"Rec[38,3]",1.00271501619387,993.781567479594,1159.78621282528,271.767573343839,743.619824320268,970.714332660477,1118.35361447186,1304.40199492695,1791.38674004083
"Rec[39,3]",1.00490091932581,1302.66536877592,2257.55797365231,911.762249527724,952.133980796255,1616.34298050135,2110.88972556638,2718.69887883995,4474.55355021771
"Rec[40,3]",1.00105372422006,2846.74982967231,2074.75880469848,1046.19677519762,712.052326657225,1368.04332522984,1872.55844063974,2553.2448404532,4551.54172869178
"Rec[41,3]",1.00033143052414,4940.78226108826,2625.95810143683,1438.74542850012,825.519262133371,1639.97498236968,2314.76553420917,3251.41569086804,6089.97874402102
"Rec[1,4]",1.00427471859606,1225.98880417299,1620.79892611776,852.635477156641,388.771858112763,1001.63014377497,1462.60827376616,2093.42424581688,3663.6721934768
"Rec[2,4]",1.00306439717537,1631.34362632853,891.688522308816,420.304789227899,277.520900188638,583.737563018643,819.220974592027,1124.0408688851,1907.37736723208
"Rec[3,4]",1.00210632604801,2979.96035146076,1109.58973833566,454.070903889473,408.771292397778,779.045126803023,1046.25928879381,1367.36596881672,2150.2645047673
"Rec[4,4]",1.00237453603545,3030.3097981258,1977.23824009125,522.892089019294,1111.58817633722,1605.40504816883,1927.34840367385,2295.98425619538,3138.43305433729
"Rec[5,4]",1.00121114471,1506.84436559239,1495.85182625643,378.172196680482,856.04316611007,1224.73741856466,1462.98874186046,1735.47773465213,2319.94174915782
"Rec[6,4]",1.00182521046945,1963.43152450065,1778.59628398071,385.442669557722,1106.39898774785,1508.40258745655,1744.0953891149,2011.93683697521,2618.13456613773
"Rec[7,4]",1.00044214264591,1930.78534834861,2245.69483595451,526.638870759518,1352.98046624531,1878.7535269182,2193.82746829379,2561.44440952608,3425.88996506073
"Rec[8,4]",1.00224296158117,1283.65393636766,1779.40010655319,397.753302977174,1135.99224868663,1501.23407606008,1736.33663272874,2006.81602707817,2666.32926033401
"Rec[9,4]",1.00199000304329,894.973765318276,972.70994186674,510.733214412137,236.774150379224,601.795055937335,885.518414355909,1245.63804170318,2217.75657082648
"Rec[10,4]",1.00058193449043,2358.43231536867,2183.54818858638,528.774948128554,1278.15818309047,1813.01846936031,2141.75077116239,2504.89820376302,3340.4858701701
"Rec[11,4]",1.00187656735855,1810.23013160591,1430.49250766609,383.57569521335,778.083987771918,1155.9369421781,1394.79244562667,1662.94268131175,2274.87010722746
"Rec[12,4]",1.00250533357257,673.489267338812,2310.32151470398,539.706020086021,1324.91068209372,1934.8450308368,2282.94414198373,2655.63900012462,3449.65019430938
"Rec[13,4]",1.00321463090622,1739.87980092957,594.246159340836,295.50019132233,174.160553052089,382.622012534522,542.968813983346,751.336444182154,1299.50721040297
"Rec[14,4]",1.00148295462527,1649.5466191269,602.783156828099,280.005688233018,206.022490936283,399.898372452761,551.934512120431,752.243212624416,1284.32243581648
"Rec[15,4]",1.00077525147315,2404.28341264571,1180.84490452104,484.156253649778,441.116387661054,831.790972203832,1115.70054065761,1457.01613498449,2299.31749948969
"Rec[16,4]",1.0022725219127,1033.75362664595,1544.42321946335,827.97578197769,394.802133278063,923.234458112219,1393.36940272035,1993.55296897322,3502.11143698706
"Rec[17,4]",1.00367117946757,1371.61998729175,840.396357397549,429.205365286733,204.360021197845,528.152863378112,778.076004590241,1073.46667846449,1869.52428113752
"Rec[18,4]",1.00045581700945,2525.02182941011,591.867772241859,278.732243248115,176.826882322656,388.86308562035,551.013605684869,746.31658543192,1245.77863671284
"Rec[19,4]",1.00067452847348,1874.29602795303,591.215430310953,313.942083958004,131.756778618093,360.005375267411,537.857316366508,767.995476497475,1325.69970210478
"Rec[20,4]",1.00094589661276,2159.64878690168,877.431400626387,388.471507730351,305.363665564525,596.977749355349,820.513201143548,1089.2653024238,1798.06129952673
"Rec[21,4]",1.00095242503799,2875.57696588086,1205.38046977112,351.245461732894,619.943411618006,953.675076565198,1173.80152610964,1416.9148905958,1987.47152795783
"Rec[22,4]",1.00263298065134,1179.42023444438,1865.22421236814,382.6398025251,1178.82385335887,1599.89344028122,1851.39810017318,2103.04973517312,2683.73310748438
"Rec[23,4]",1.00827699948565,737.912148649332,598.894657270747,141.474224964022,357.414547809245,498.630444945019,586.525280832064,687.291079049537,909.274327381609
"Rec[24,4]",1.00276475691533,1194.75730573843,1054.66641728981,192.047583565659,714.832686201213,923.591471893649,1043.05365658962,1171.75140777528,1473.30978490823
"Rec[25,4]",1.00333809406194,610.508161755493,462.233015942724,122.863801484125,256.317734004213,374.993900460816,450.945245140256,535.86172931472,734.59893493302
"Rec[26,4]",1.00076679883654,1572.89088358439,322.596009790185,84.831781248417,184.400600205956,261.254707517949,313.180387677967,373.716605782862,511.688061636929
"Rec[27,4]",1.00322915043878,1577.70918007607,269.75920432685,84.0789983446479,132.974831581086,209.687989964499,260.876316664825,317.961255334935,462.805147807781
"Rec[28,4]",1.00456171074139,1569.97522689916,586.541842129575,125.200255524037,377.358450388899,498.305541430898,574.516655321867,660.748027253454,864.796456863337
"Rec[29,4]",1.00446121007595,1349.44101404645,686.120360311854,145.881936312108,442.8236547846,583.523268489219,671.235573400676,772.788783518566,1018.47190847977
"Rec[30,4]",1.00722529351371,537.888179360169,1908.13075921825,365.821040725556,1238.63735603548,1651.76036094835,1892.99422040201,2145.01907026123,2658.3520601772
"Rec[31,4]",1.00317247120618,983.117924318447,673.577917206802,162.225336754963,395.104929688833,558.714338226141,659.527769890894,776.412763005355,1031.75145954692
"Rec[32,4]",1.00232593909924,1253.09868751358,748.871569134217,221.914186807621,384.960899798744,586.023211058967,725.526869523278,884.545246622168,1248.75366984606
"Rec[33,4]",1.00195807880904,1257.47478637872,1012.1386980128,287.207974194944,519.514706390271,809.828552753588,985.927126754934,1187.639886353,1637.23472936024
"Rec[34,4]",1.00005544871678,1518.22607435222,1530.79986114106,309.629005485771,983.061499198156,1323.88968174994,1509.97380137239,1715.56716995631,2203.91261937412
"Rec[35,4]",1.00078189207874,1650.79658637842,741.133691767031,269.001523122717,314.455419521566,547.948424231223,707.989317265688,896.623391377456,1365.91042836878
"Rec[36,4]",1.00153789852275,1789.48585469817,774.953780324452,163.773935025278,494.635176663785,662.126996719954,763.16477160129,873.245882360899,1131.52661963594
"Rec[37,4]",1.00110171010381,1069.62027726126,200.469524473461,81.0655201674001,76.6802864999063,141.395715484173,188.692284799346,246.361164737147,393.50249900456
"Rec[38,4]",1.00693443170331,776.561540090237,638.040771470573,363.343054090892,157.286043596588,380.118389238246,563.671037486049,812.422047675903,1554.58626360929
"Rec[39,4]",1.00073749169758,1110.66145913537,721.885369731701,422.731839239576,169.442740254876,422.538056502743,637.19106740736,921.449187672672,1769.43453766819
"Rec[40,4]",1.00183308318754,2252.04727731675,677.551944177802,460.421036830436,135.046553108545,360.12432012084,568.71865118677,873.655735035483,1845.67699680472
"Rec[41,4]",1.00036725961628,6066.02479592204,853.406531918233,611.564395392659,167.913592063949,441.812622886953,704.477566375962,1090.84243850644,2391.62161908563
"Rec[1,5]",1.0110271374964,287.199238869123,139.280326300753,180.84566279361,0.471551524388852,21.0168742542039,73.5493656082361,187.936395051694,659.677711025206
"Rec[2,5]",1.00740294905794,386.756888207201,98.5810262857553,123.407682406345,0.360373335926832,16.841830786668,53.8004818296723,131.261319461015,449.909094957614
"Rec[3,5]",1.00953507204597,405.215813721657,74.6279545260663,92.5930489280579,0.673172521104258,14.5970007336082,41.5071778460315,99.4879016493317,324.482131790467
"Rec[4,5]",0.999722972736416,1177.72540522577,360.136372569059,161.282782326721,127.325339468337,244.417931579392,332.29747665753,445.015156809751,744.242378350859
"Rec[5,5]",1.00226043805752,1078.40421998558,263.85530500183,128.4360821589,75.7380588570107,169.437141498797,242.073098366444,337.886499553618,564.990425774657
"Rec[6,5]",1.0210589112675,192.34554536273,67.6754149427312,78.2189366179719,0.447184592554765,14.7474947015024,41.4406267521684,91.7681306152114,283.832272995532
"Rec[7,5]",1.00266809317026,772.814865208807,251.342418208137,122.016812900703,70.7087719277411,163.849360523987,232.390521275557,319.546261619141,533.826224655003
"Rec[8,5]",1.02090944886937,136.097608029453,172.998363085695,216.96882470148,0.612468789490542,23.8527558339375,97.1423048106337,239.253413015877,767.499446312714
"Rec[9,5]",1.00203011290891,1694.42995117024,819.397743522599,306.09337015789,339.312782661621,600.119690759345,778.569024751291,998.163122912786,1531.82124507095
"Rec[10,5]",1.02440784898309,210.343871353171,59.3600900272849,75.2458534915536,0.557597125585941,10.4601649892475,31.373981022248,77.6584622530265,274.451971332356
"Rec[11,5]",1.00156516574774,1215.28012782517,482.963349932452,201.000937467466,173.555489572277,336.643882296313,456.910894088801,600.703531859125,947.050683980417
"Rec[12,5]",1.00992227407073,242.073820643165,91.547732051351,121.253909964573,0.496660574052529,10.5243405090205,42.8522730409271,128.298102385327,430.770316181372
"Rec[13,5]",1.01255082766761,311.728531364251,50.641546043485,69.8474865239821,0.0371055570359177,4.97928762049157,23.6826861245951,67.9428166064085,250.532848737781
"Rec[14,5]",1.01121509297373,301.485195872231,93.4712159536386,122.304236764872,0.438732274856081,11.6116308249094,46.6228668289384,129.232753547316,435.480438204401
"Rec[15,5]",1.00520436676901,346.207061954997,208.149911184495,288.823339452527,0.436717759190549,23.3706862726761,100.17662801062,273.805535335753,1042.21410422928
"Rec[16,5]",1.0084413187077,288.684021669633,154.814098663691,192.144205548505,2.04644631602586,26.9293429015575,88.0450015636432,206.458587516283,700.610922910372
"Rec[17,5]",1.00596270797647,298.19065754652,95.2750926269933,123.592610468213,0.196873896783569,12.8824831132421,48.6281290644743,130.364151930541,446.582938818562
"Rec[18,5]",1.00398124226705,700.820249505222,211.797896830265,173.597061352085,14.2550572320576,88.0436333923154,166.455338789337,287.42658628292,664.497853926903
"Rec[19,5]",1.0090594891659,438.48602904086,95.6023871371054,119.239913793365,0.451306808159352,17.4957220818254,53.1515812148229,129.165881579266,437.358104971304
"Rec[20,5]",1.00192665027493,1349.74719749872,207.904110167423,131.721858875246,36.9027505976669,112.864946401466,179.359795348784,272.677361878956,536.67824772858
"Rec[21,5]",1.00330369342124,917.000106686873,102.513638433866,64.7153671688143,19.4377879614636,55.6503666579514,88.6651843965764,135.187736950142,264.845718818094
"Rec[22,5]",1.0119646232987,353.126002147818,30.0665621297889,24.6867700729898,2.30294236202006,12.2833910537244,23.6792146192874,40.682129329635,93.7807336492847
"Rec[23,5]",1.00253478632699,1492.95466929065,155.047535077571,52.4827559433287,72.3728415814667,118.214225860985,148.107108791066,185.271821791996,274.996669182498
"Rec[24,5]",1.00371235813406,776.560895541173,104.477654017469,47.1293979470761,35.4149231079243,70.1000377103713,97.0321366654375,130.959888753348,217.554490213598
"Rec[25,5]",1.00968847197723,435.435035566894,45.146655221967,27.8801797758262,8.30512187111609,25.3479641836486,39.3186158392434,58.6883815405955,116.200655690178
"Rec[26,5]",1.01994298433196,370.377480135452,33.125481918159,26.347258104759,3.13288937564,14.2134280801367,26.4525071385765,44.0925187544513,104.093107158814
"Rec[27,5]",1.01424488436747,242.759170619899,23.7805474746318,19.2339131331061,1.8365779588887,9.85693311148022,19.0514374203082,32.6994717316402,72.4378809439851
"Rec[28,5]",1.01574952501268,336.980185844212,25.2807505934586,19.4209642445303,2.29796382558279,11.0133605365496,20.5675340702513,34.4988568494398,75.73761625494
"Rec[29,5]",1.00973908036803,460.097691877549,112.461182771101,55.7565268587766,34.0277987154168,71.7614376036112,102.088425222243,142.773970789733,245.614329063149
"Rec[30,5]",1.0013145841972,341.872732250711,103.410003329921,50.9229117273243,30.7634085922912,66.3995201349908,94.307655956062,132.018705329373,220.817155073013
"Rec[31,5]",1.01335887872362,267.891155070243,134.726068325446,86.1177099810418,23.2222293736127,71.1125397933313,114.481610989419,181.561417757479,347.007923619912
"Rec[32,5]",1.002506319576,534.588816930476,150.501796240806,94.9512384050746,28.453998776263,81.7798627091211,129.184021514786,197.098836665497,389.939539949383
"Rec[33,5]",1.00486031989488,707.841416550234,171.741644676542,77.3606184416263,55.5930844693723,115.779285988286,159.914969413783,216.203701226468,353.911340998044
"Rec[34,5]",1.01364739524483,304.642296796344,148.403587261044,114.829584951386,14.7544542242788,63.7370254995803,117.500654125003,203.736638373132,446.046981786237
"Rec[35,5]",1.00761954343643,698.443135646813,48.8777189939157,31.8733697940172,8.18704417643228,25.6213778258,42.3646812980638,64.2714909718408,129.881161832739
"Rec[36,5]",1.03594921283456,101.944750637043,16.4054588735935,21.2319059259277,0.0141784345958206,1.91945877750006,8.194412043185,23.2691025079061,74.0434921820465
"Rec[37,5]",1.01499174815232,223.09650665182,108.368198347075,128.175315891507,1.60321520932334,24.5395451583,66.8304708979554,144.805889453792,437.505473347237
"Rec[38,5]",1.01243666302427,258.31887642175,106.353580692583,132.5220489474,0.957401351539057,17.6955528484869,58.7829105660929,146.699418169626,478.050479480072
"Rec[39,5]",1.01068568614563,288.345472473972,126.610196442492,165.109161381344,0.432121180043844,21.9523057755487,68.5251168301928,167.521299037848,580.618613489291
"Rec[40,5]",1.00530856108254,650.048481408583,102.507663526793,157.343485314401,0.217845875585925,12.5652863673769,46.9572371873257,129.485634186054,512.901221591546
"Rec[41,5]",1.00011262516309,7003.16961206204,141.849822628147,204.639036537148,0.345189961519107,19.4983487883456,69.6083759670814,181.310519671363,722.051483778002
"Rec[1,6]",1.03275437124099,84.6758614032197,29.5736346011378,75.9149814865082,6.90996931441683e-08,0.0368723950716205,0.947675706636505,19.3867918363652,254.395928148743
"Rec[2,6]",1.03896431161485,93.6334380358842,18.298732170368,45.3345790025447,1.37358739165626e-05,0.0236535739575727,1.12045883772692,14.4925857825953,143.720872422092
"Rec[3,6]",1.00577652021303,199.429585861733,12.986469510417,26.9096659874194,4.44639773987809e-05,0.0876070294741073,1.58377825901757,12.1597607037835,95.9988336364521
"Rec[4,6]",1.0904637512742,19.6904192812375,8.97070817589035,20.2206143744465,4.9275324810131e-07,0.00870254849607139,0.500811058258783,7.02455298756626,73.1850131202156
"Rec[5,6]",1.00984616122095,275.478720373087,99.8030800219553,96.701475402939,3.21171048406061,33.2683530014645,69.369847511376,134.982835242072,357.836939525848
"Rec[6,6]",1.05223826783414,49.1803438736736,13.0891951186389,24.0368568984774,0.000656234630461737,0.21915447095316,2.81943562246851,14.2745614527096,85.6876996251849
"Rec[7,6]",1.05788596848676,68.0933901315924,24.299262990202,90.8812376057588,1.26557015935745e-08,0.0429615671930253,1.01829492036583,8.07985641737915,250.916513674062
"Rec[8,6]",1.00429165178025,435.239665508488,246.3646330656,173.452178828,33.9462668142182,117.540795340924,205.874814780605,335.03112552219,673.754172522746
"Rec[9,6]",1.07029873234241,52.348090372647,21.7299533704887,46.8637524392984,3.42466858474451e-05,0.0771114512223622,2.86297341550629,20.148258622131,152.429644590135
"Rec[10,6]",1.06917636328121,70.2087637844341,12.68883350952,28.2061776494673,2.31779813385602e-06,0.0285061611144208,1.13155587191794,10.522284920387,99.4220964029266
"Rec[11,6]",1.06233581454193,22.1392036140553,33.7198952878596,69.1702812715917,2.2106563169616e-05,0.138709207275248,4.64582806399099,33.7679636108403,241.373420014534
"Rec[12,6]",1.08597985657466,18.3080861841775,21.981159951159,46.3910158057292,0.000154187365854701,0.161528483786289,3.33407801269873,21.4612701468887,153.117785681115
"Rec[13,6]",1.00750756764392,209.65341034782,28.3600497192677,66.1041840118027,0.00017804202625597,0.22612539591308,4.9609789495393,27.0666693068288,194.784749606025
"Rec[14,6]",1.02811469459617,208.227933948851,40.8745096862108,111.104514250745,6.14975010029561e-06,0.0461728412624376,2.61496035172603,31.7389336112896,309.300185010935
"Rec[15,6]",1.01325396759415,169.344658171297,44.7544434936652,97.9517015008703,1.72053759513828e-05,0.217949371947191,5.90340647244528,43.1014762728305,337.254867061205
"Rec[16,6]",1.00805857203695,219.287024020848,31.8375761052983,68.1100633208687,3.89893606591536e-05,0.160962820050057,4.10820150672143,30.328657244634,234.516136883116
"Rec[17,6]",1.03216669587539,153.05099660514,36.3181146745479,81.6062007232803,3.6146668465378e-05,0.100700447980644,2.96386899512232,32.8652866780213,272.439855961878
"Rec[18,6]",1.04900981315266,116.320192916728,19.2500703286765,55.1249850775133,2.15744622222859e-10,0.000143867297645199,0.274247904162032,10.8764132375544,173.906086124544
"Rec[19,6]",1.06311548814752,64.4962815255798,12.7165180653841,34.3812851759977,8.92423963406888e-15,0.000791507114038914,0.411888746529024,8.08895214778611,111.870731544455
"Rec[20,6]",1.04894176995407,19.9120875957965,11.0494792535389,22.471024066833,0.00706540432120318,0.253680324405875,1.98656904254948,11.0504927546738,75.8476222110073
"Rec[21,6]",1.01498074066328,368.103455691308,22.9939810989084,21.1094968492092,1.15840449565014,7.48990271583634,17.1880764269243,31.7092185326306,77.5357486033063
"Rec[22,6]",1.00871129383815,569.138419122527,33.0683298756569,23.4884140996793,4.33552991139264,16.0308188613138,27.8061134598599,44.4414842042437,92.5923032128718
"Rec[23,6]",1.04391239997171,95.7268024818116,5.39252117538183,10.5021183626172,0.00183180403796256,0.11271252691768,1.05910954826947,5.98109255668148,34.2894912265228
"Rec[24,6]",1.00516797000541,373.69608578332,37.7337327847988,25.5311478417069,5.13934270845065,19.5214699294365,31.8947141591863,50.3449962463651,102.259359596185
"Rec[25,6]",1.07304903075126,43.5348631676236,3.76184374930426,10.5894343735443,6.5919470795301e-06,0.00429035920194097,0.162926358935692,1.89857228432666,36.2643788929451
"Rec[26,6]",1.00723019670492,304.811119266434,18.1429913639557,16.5347410988867,1.24674730851866,6.1714203542443,13.5209894299962,25.1057072163519,60.6727264746723
"Rec[27,6]",1.11491158282481,12.3326712761673,3.63831763622919,7.80889477517001,0.000216374589181474,0.0353284365702554,0.526388598609973,3.70670947630635,25.3857504646382
"Rec[28,6]",1.00251291732453,421.626926432242,52.4311570398537,37.3442422415012,7.04975006126561,25.4814318706316,44.26898301826,69.1345759071641,148.196091304234
"Rec[29,6]",1.16337226605007,9.13235663714754,2.5557145570912,7.81654794387895,1.12366134090161e-06,0.000827144513032421,0.0568170840203345,1.41827530245783,22.7666215732441
"Rec[30,6]",1.08035814485384,39.2403826420368,12.1575459266234,28.1369249271335,0.0041894900341106,0.243271511070513,1.5427170479524,8.72774370151036,104.56613800811
"Rec[31,6]",1.04738424529072,80.9032536357263,12.9883385873102,28.5318043551704,2.77691089186439e-09,0.0593525856944013,1.15426831910438,11.7851200610607,95.7988807747026
"Rec[32,6]",1.02307590613939,117.467207954348,7.07601199260281,16.6207323989221,0.00796147277456761,0.31710211849124,1.34162598389722,5.69210746075147,56.7095657644477
"Rec[33,6]",1.01357201593901,79.2336756330529,17.3454266892133,34.3469388249392,0.00265380573463395,0.302291796946137,2.65141643292646,15.418875091772,124.515661958887
"Rec[34,6]",1.08580274326184,14.9005377020675,3.7735722015272,7.73546730364546,4.59401378875755e-06,0.0166309819155896,0.469635345797549,3.54473716616593,27.0148675725157
"Rec[35,6]",1.08512404159489,18.0366749216651,5.17903406309764,11.9235288075121,5.19664230053969e-06,0.0332398399083444,0.726685583020805,4.195537526417,41.3703306528823
"Rec[36,6]",1.09309050281199,17.6717120743346,33.370325006551,84.824104095872,5.24470819163835e-08,0.0928757074874608,2.48198180229571,21.0334366668166,285.119450979772
"Rec[37,6]",1.07104889180188,19.0520060140519,32.6334049884118,77.9540487469584,0.000190980361979012,0.111129689752031,1.46637049575942,22.8131433964571,274.807627190869
"Rec[38,6]",1.03440372940474,96.3174470685329,26.8550093520259,70.4603308421234,3.73368675158213e-07,0.0158019668133473,0.781460407120311,15.2227591310391,237.901856354771
"Rec[39,6]",1.03257957835582,98.4441492961806,24.7587416858791,78.2577031813248,9.68908680458172e-08,0.000141294252875663,0.216330262296598,12.2603131928612,215.944651810401
"Rec[40,6]",1.01766079021211,180.70837639323,31.0153142996686,79.5808015595012,5.47005044641935e-14,0.00877766949438967,1.88469932550076,24.1956307892043,252.671901203544
"Rec[41,6]",1.00344161222099,9848.71267857219,42.4691279090456,108.015046245149,8.72077463974618e-08,0.0752318826622586,3.27421215148669,33.6689246973904,333.703849299192
"Sp[1]",1.00060697432507,4653.08170778382,5902.38172890103,1339.34877354049,3638.23662520483,5105.86741234914,5753.6220360588,6497.7860114371,9063.29186790506
"Sp[2]",1.00040166195643,6113.54256551506,2933.45536793486,656.057879558147,1782.91819892767,2546.35018327617,2901.24422832058,3242.11642351763,4363.13011729402
"Sp[3]",1.00009632374293,5627.44107171104,5132.97965842017,1117.63477304814,3062.22112477735,4456.03545566149,5100.77756996892,5702.75842788566,7608.47206373893
"Sp[4]",1.0016434327484,3021.58006206448,4499.92852351326,1037.13889509495,2792.97165048403,3885.69304403047,4376.93317739597,4960.87250724012,6923.34005102996
"Sp[5]",1.00214389505925,1555.55143803625,8524.52715949319,1888.14442974281,4925.93319878075,7298.73772464887,8571.82486302905,9670.62211920683,12338.4035491814
"Sp[6]",1.00053517007214,3550.42448199579,7657.360271414,1419.14391473955,5011.4956935964,6771.42847454289,7601.05207144949,8425.83488616727,10778.1395216969
"Sp[7]",1.00092756021614,3941.9074296994,8902.26816694962,1566.9833574766,6066.71766724791,7905.62785492148,8824.39636600288,9728.14184859787,12386.4565813202
"Sp[8]",1.00109188671404,1636.39528867563,8274.98630692444,1431.78806898528,5480.76331198292,7363.05944403197,8291.22841922521,9113.20064632468,11266.8054533917
"Sp[9]",1.00304107133519,1385.91859669356,10338.3902658949,1820.68033914341,6742.4252620419,9168.52599972757,10374.4731685652,11449.426819866,14018.4612880975
"Sp[10]",1.00165867431538,2544.80883760839,8517.22190830613,1539.81602730412,5688.66817505669,7566.66108793675,8398.18800127862,9355.63847159237,11971.7670801841
"Sp[11]",1.00163388100812,895.961902085953,11556.4425730913,2123.19055577739,7284.50660624921,10151.3444076502,11627.7759137408,12950.1595356598,15725.3261864613
"Sp[12]",1.00170807440324,1200.24938067779,11070.8814128283,1945.92871548587,7322.62230910973,9804.78343165113,11073.3601542266,12217.0066119877,15168.3796409991
"Sp[13]",1.00145954756329,1624.85265280413,10001.2638562355,1701.51365687318,6885.53474515397,8912.75129185879,9911.10410825331,10940.8527546755,13823.468653236
"Sp[14]",1.00315275242364,808.992952039886,6813.02422327956,1354.85294549401,4762.71086077228,5883.88707708693,6581.90380915886,7519.28491482049,10037.121645484
"Sp[15]",1.00097481547406,2134.95864098447,7691.0432716045,1250.18710525761,5414.05632245211,6898.25675686163,7607.8458741621,8389.30628909699,10438.4805706607
"Sp[16]",1.000633673977,1361.03553049639,6740.51369491678,1151.78317593083,4485.02336929032,6020.63036630682,6720.68325021737,7407.18556133578,9183.21355492316
"Sp[17]",1.00276365592376,962.080065923341,5770.52582824297,1048.12182604284,3626.59071232364,5108.01724421518,5824.39038755006,6460.36703082318,7818.58301287672
"Sp[18]",1.00532994568721,448.711102374428,6214.62041123996,1240.90745953457,3659.64579833151,5388.43086132211,6278.65481608267,7107.89284201308,8448.57110296565
"Sp[19]",1.00490795724433,882.070680857815,5485.32660152814,1728.85494901236,2751.96591918213,4254.1719053899,5289.495901179,6468.49205360125,9473.06843943591
"Sp[20]",1.00445931576843,874.958361869501,5422.28355694927,2178.80288292986,1930.09729247204,3909.61445435225,5147.15585276159,6637.72505289568,10365.5675834126
"Sp[21]",1.00094701901522,2050.40658938522,7279.27778770393,1231.94751076598,4904.7871658435,6495.15203313253,7266.07588265355,8009.27912632298,9880.27552952118
"Sp[22]",1.00265320332724,845.398685853716,6532.19077655158,1265.3536843349,4002.25927014258,5668.89209389093,6578.013750917,7430.44813048672,8971.26623240035
"Sp[23]",1.00076822347487,2566.0973192574,4229.14400320775,758.765462488744,2991.33407884163,3722.49331749244,4122.16040102665,4642.04764439635,5996.4334812212
"Sp[24]",1.00073892724749,1592.59719490014,4947.09375065666,856.034626212896,3544.99157983932,4376.77179343382,4838.31635773741,5419.21417977115,6917.06756696122
"Sp[25]",1.00131744446514,3083.9717798288,5667.648891818,953.037577886325,4019.68183444725,5056.30874220985,5565.45236165318,6165.88889916251,7898.94784595996
"Sp[26]",1.00124967003346,2143.71578556234,6652.11577393203,1090.25807253479,4613.17097952456,5947.08072160536,6620.40568206188,7292.37547248026,8949.92646243954
"Sp[27]",1.00090973772674,1628.35469233863,6831.37772127467,1107.55760099803,4671.22629852415,6122.85837290348,6835.84810064805,7511.78193697665,9059.73866948081
"Sp[28]",1.0034064336762,876.057609933395,6044.31163323696,1028.44250518347,3994.2022685942,5387.01074936699,6064.7969883233,6681.06175093535,8121.35267571309
"Sp[29]",1.01131382719428,451.109438237886,5895.98884234188,1026.57993663125,3882.51245072341,5194.9878242091,5923.87422870454,6586.4876748858,7878.54191245764
"Sp[30]",1.00443437435992,974.605146900404,4116.10029481204,680.955997362337,2863.15159691423,3680.40218786882,4093.09406602341,4510.53703604181,5590.8706815799
"Sp[31]",1.00701908340256,347.695630829309,3809.6799049809,745.991029484804,2376.81226961044,3279.66943720773,3812.83809992196,4340.47464671908,5175.29895899293
"Sp[32]",1.00246936322643,512.906208756881,3047.84470232236,545.356068490291,2199.81900023994,2651.89673928512,2967.47536230854,3361.50429806331,4311.80215363113
"Sp[33]",1.00749414993639,826.375823819857,4529.76165801224,771.157509429753,3291.89270933498,4004.93359028357,4415.91476887462,4951.83110600118,6320.22406947614
"Sp[34]",1.00656132966517,1022.8538293827,5595.54773969084,886.070866541473,4037.04900203519,5016.71616686967,5510.41123486768,6089.0513997762,7585.39742686062
"Sp[35]",1.00428888127469,966.823015828714,6359.34275173492,1015.96116423942,4568.66291583592,5698.41846829191,6281.66790425266,6935.31837796636,8691.35216893348
"Sp[36]",1.01145496188892,394.870720447236,7420.11730864869,1248.09823584582,4932.08023524281,6567.03403636921,7441.05474982413,8301.81690161062,9750.35558457849
"Sp[37]",1.00494945242462,629.575130551028,7984.82578780854,1350.66838121371,5253.39866325447,7103.90891943526,8038.94930288595,8901.92097179241,10550.0135395705
"Sp[38]",1.00432221969755,753.994220040968,8102.44704212682,1352.08391868152,5431.7625901903,7234.2639102217,8127.05536372255,8929.91881097777,10863.5417386327
"Sp[39]",1.00251804184144,1019.51614822108,7730.02750763616,1251.71394489273,5238.10734846171,6948.48131189766,7724.41076112451,8484.26993393044,10323.3298667126
"Sp[40]",1.00046225917618,1008.63186201358,6393.08213318657,1034.1592662962,4437.12239004336,5760.09431442366,6357.04788294288,6997.88963658458,8591.60506531423
"Sp[41]",1.00221594248766,671.358171881703,5360.0796173885,928.704914553869,3496.4525962745,4749.62274753856,5394.93092858054,5974.92223510172,7128.48639458425
"Sp[42]",1.00241605646117,1240.81443069298,4178.57816682661,714.398760024965,2845.85243406494,3728.60579416705,4165.3755114984,4580.34708870603,5712.74325614589
"Sp[43]",1.00310958954036,651.107806489346,3675.45815319248,765.605225593892,2573.18803028418,3126.74553543231,3533.2379804538,4064.11222760087,5542.21456380334
"Sp[44]",1.00081409207463,4896.61872943484,2393.27020853147,1658.78755323672,98.4682538370365,1090.43517914804,2185.69871515179,3384.90559275823,6190.37965341949
"alpha",1.01210811059684,195.374237098982,12.059790230512,12.9415283199954,1.55284730802265,3.40532770762265,6.94404661606757,15.6636494951732,49.5573004423839
"beta",1.01212747994888,205.206082207553,0.00153901251429979,0.00187315385428286,7.74567960995092e-05,0.000317552194749349,0.000805439685322529,0.00201118962626303,0.00688874440671358
"gamma[1]",1.00053304741989,4750.48313938633,-0.097314193194449,0.0580158315878118,-0.21624192667481,-0.134621967308559,-0.0958904363545302,-0.0581499046448382,0.0128732502007101
"gamma[2]",1.00127689263366,5109.42558086716,0.020420136001568,0.0603366642519753,-0.0964855768163037,-0.0188295183195681,0.0199251478501901,0.059470853854003,0.138676429510974
"gamma[3]",1.00117139824547,3455.19483679739,0.163782725632414,0.09540960223655,-0.0248677749289834,0.10110750120727,0.163213295159001,0.225508139689581,0.354282139497905
"ln_BH_a[1]",1.01740306486278,184.835569442067,2.01849511769695,0.966446409982634,0.438928184687135,1.22251299656793,1.9457868844312,2.74988390557828,3.91783761413091
"ln_BH_a[2]",1.01759893833353,182.947639900958,1.8704400321588,0.968485078105063,0.283957843135112,1.07705283841787,1.7926148150421,2.60098422732781,3.76135464592786
"ln_BH_a[3]",1.01755134758295,184.207432902764,1.79111939536602,0.973831992155811,0.192485065824268,0.993791931742561,1.71455775974999,2.52100221927974,3.68623574502046
"ln_BH_a[4]",1.01834932824515,183.654117040916,2.09646312549244,0.98245810669547,0.481578250548685,1.29925567326222,2.02516804315143,2.84122599002789,3.99853096942089
"ln_BH_a[5]",1.01834169141468,183.288456403028,2.16735172891839,0.981713083634896,0.541843413030042,1.37969367511738,2.09746603454188,2.9101171087686,4.06348802960643
"ln_BH_a[6]",1.01780365009756,182.394792842916,1.91242091826669,0.968054794883629,0.322848851260786,1.11782545894331,1.83303224676131,2.64482314050535,3.80345166608426
"ln_BH_a[7]",1.01730157623949,185.176859298259,2.02754536286795,0.965697429473173,0.44451013212209,1.23341268748668,1.95598124822306,2.75891870304995,3.92646936411307
"ln_BH_a[8]",1.01728248340752,182.840051075329,2.07548227145747,0.958111192631225,0.510989864714981,1.29378697040661,1.99517782734951,2.79833400967895,3.95245306664514
"ln_BH_a[9]",1.01745036839928,182.754529795728,2.21267346725001,0.961527483189908,0.636037920481001,1.43531137154128,2.14216668096682,2.93531859818392,4.08495298539714
"ln_BH_a[10]",1.01799010853214,182.956052954224,2.23289653857139,0.970124328055436,0.645741643030083,1.44704910298009,2.15761163447394,2.96827536056474,4.11401565457902
"ln_BH_a[11]",1.01805597827266,182.576549087269,2.08091109465334,0.970307379752695,0.499289329195273,1.28447040580557,2.00385777515106,2.81605217872384,3.96653055764401
"ln_BH_a[12]",1.01840225357234,183.6308909671,1.91208419583375,0.987074751087165,0.282065692190244,1.107976334569,1.83567490636627,2.66266928881607,3.82530503045106
"ln_BH_a[13]",1.01760570619077,188.068125013081,1.60567499375845,0.998046424047845,-0.0703541873138442,0.808683216445238,1.53478743965464,2.3528570260636,3.53022406097942
"ln_BH_a[14]",1.01700934395392,189.796632580683,1.82674886645625,0.982342398877521,0.199763857517853,1.0301317692961,1.76118951791156,2.57141554983123,3.74664313135139
"ln_BH_a[15]",1.01755124292416,185.894192515092,1.95886495565157,0.974630419054534,0.357640122159868,1.16119184903804,1.88404545102713,2.69514374396613,3.86038647966304
"ln_BH_a[16]",1.01753751864702,185.312748980266,1.97943366882086,0.971606872108739,0.385843325913362,1.18051094091566,1.90386692402621,2.71518624022118,3.87600988582435
"ln_BH_a[17]",1.01715773754893,185.658955027228,1.89993860408606,0.967664415453335,0.31292906623928,1.11011296194691,1.8244021316824,2.63348453465872,3.79869945108583
"ln_BH_a[18]",1.01770682973216,185.612649669777,1.69932519973814,0.987190014094082,0.0499386347273749,0.909652581669536,1.62569052234953,2.44258415127819,3.61214899412435
"ln_BH_a[19]",1.0183569394518,182.511377903971,2.11275850578338,0.979270757694527,0.497219429306593,1.32715684933882,2.04028022576759,2.85583719148866,4.00511783817286
"ln_BH_a[20]",1.01710250349441,184.057456343279,2.24713528801324,0.960374829239961,0.673231499639564,1.4732431128059,2.17800866684173,2.96291804280478,4.11985766749158
"ln_BH_a[21]",1.01779400942628,186.055302417948,2.38510039652338,0.983247553754087,0.741508088014338,1.60899514637334,2.32065262599222,3.12578421738214,4.29193729523311
"ln_BH_a[22]",1.01731383035318,184.758816317003,2.28844211495688,0.969983204875163,0.670232408093301,1.52258965228605,2.22295485686451,3.01383656687873,4.16944954356677
"ln_BH_a[23]",1.01712767160294,185.358472140563,2.37123634160688,0.963086318917998,0.784067891818307,1.59988910662638,2.29621590660724,3.09792404551745,4.24689790513224
"ln_BH_a[24]",1.0176032581102,181.934617855103,2.13084028025567,0.961453784819741,0.558980780811625,1.35175088384749,2.05700000318966,2.85800439938332,3.99947140081823
"ln_BH_a[25]",1.01797947468063,181.803799109383,2.11296164222947,0.965733789378638,0.54532985439405,1.32064241535342,2.03504679521321,2.84585688292988,3.98495311542262
"ln_BH_a[26]",1.01818122449475,188.132897194245,1.69501710632054,1.00775885803188,-0.00012193405040469,0.880539876426578,1.62797274354274,2.45656505459799,3.64025266876517
"ln_BH_a[27]",1.01765990152264,182.971080024089,1.93632346447691,0.966322218672662,0.356022906724926,1.14076321393364,1.85813943186888,2.67200668672757,3.82891750212074
"ln_BH_a[28]",1.01729291322801,182.826699732256,2.12203832291764,0.957629168773071,0.562367331042589,1.34035121701795,2.04164936433491,2.84412155963003,3.99364108353228
"ln_BH_a[29]",1.01734170434898,184.599917638805,2.01858196918479,0.974848012720684,0.395523219852678,1.24696075203203,1.94610834246621,2.75359860698472,3.91225100687025
"ln_BH_a[30]",1.01806940126393,181.493863786704,2.12970834909997,0.968203321018026,0.545585020708777,1.34875164173908,2.0536605114394,2.8600234112739,4.00810456147378
"ln_BH_a[31]",1.01737105140684,182.934053644828,2.1884599696371,0.961706341261827,0.606632282323536,1.41436181522116,2.11886947363756,2.91063167760781,4.06246322898185
"ln_BH_a[32]",1.01778000088076,181.657760404281,2.15195953608996,0.962713063807419,0.584117343418195,1.37326826644567,2.07559923460881,2.87761108224535,4.02307418124688
"ln_BH_a[33]",1.01817921135223,184.738531219237,2.22286291393463,0.988127706463877,0.570628812176382,1.45061367382088,2.15478115777022,2.97117080297485,4.14524080286854
"ln_BH_a[34]",1.01813807204492,181.841034450029,2.12648707753221,0.969610161334299,0.549221195759301,1.33675998700457,2.04967066091369,2.85949727597553,4.00870618726127
"ln_BH_a[35]",1.01831707209659,184.478439655304,2.10131000758605,0.985092191483088,0.477964912204219,1.30244938950749,2.02962385484906,2.84496077822033,4.00799866837172
"ln_BH_a[36]",1.01796392969635,186.280678968761,1.91140626974846,0.986582267146317,0.293253355874887,1.10420918831658,1.84169365631773,2.65389750223389,3.82869197593098
"ln_BH_a[37]",1.0178206330559,182.066766305902,1.92684723306071,0.96730260481991,0.341824942687613,1.13235032996706,1.848417657488,2.65668231888614,3.8155369550144
"ln_BH_a[38]",1.0181510031965,183.568615260608,1.89768982270415,0.979845839138622,0.283741076619611,1.09623768469671,1.81839853947916,2.63932077846844,3.80554487651276
"ln_BH_a[39]",1.0175009359261,188.555025921149,1.81490371242528,0.987892031298993,0.187474816402278,1.01693570380892,1.74672505771378,2.55907047000635,3.73560581070958
"ln_BH_a[40]",1.01740857422011,190.917822641051,1.62642903798745,1.00148821915749,-0.0457028720936665,0.82463249982716,1.56625969096685,2.37670074467726,3.56702237688291
"ln_BH_a[41]",1.01770192452899,186.925646433718,1.87498667384997,0.98399817707754,0.258424442816397,1.07320256830461,1.80319298493662,2.61965184589729,3.78948204809171
"ln_RS[1]",1.00014816658688,2522.69141612109,0.689787433080316,0.315530562318813,0.0575786773618053,0.486484350740853,0.694098869804932,0.899681049565042,1.29073633693644
"ln_RS[2]",1.00125949806669,2643.82173549365,0.80247155131681,0.295453956493246,0.208145970516979,0.614585549726677,0.80328209351323,0.989110372894763,1.3775534781276
"ln_RS[3]",1.00079330035459,4002.25268672092,0.378225779992415,0.299800298341766,-0.240558637564162,0.194868514613555,0.383711199296258,0.56800052925124,0.957758187043349
"ln_RS[4]",1.00228522862153,1914.46437964047,1.18801286950933,0.262690291346022,0.634838769040782,1.03438331388312,1.20195116655842,1.35169781792928,1.69724230259677
"ln_RS[5]",1.00166880678929,2469.78099969026,0.382868414170238,0.255180580423278,-0.0933933911124279,0.218590031575305,0.36628436290682,0.537457120159086,0.922769208159954
"ln_RS[6]",1.00053948390349,4466.9085309987,0.384584043454885,0.213201178926617,-0.0464835145131781,0.250705941821153,0.389326241741235,0.516290708599696,0.805601991597395
"ln_RS[7]",1.00034187707364,2711.18595299602,0.690786803877821,0.206298110236702,0.264121472066768,0.565604277989678,0.698350396048991,0.821357457087615,1.09304465529098
"ln_RS[8]",1.00075729424077,1901.34038273524,0.355868991240207,0.207666339286941,-0.0315419842247025,0.221791609820842,0.344432875304555,0.477483271302269,0.809338874091873
"ln_RS[9]",1.0040163542329,1004.37016218114,0.0891937259216319,0.227301476154461,-0.302141436249216,-0.0652455100311866,0.0715659378626787,0.220280832064848,0.601939503313199
"ln_RS[10]",1.00152541012105,3486.48058073968,-0.103324423528174,0.230646697898552,-0.557484184835801,-0.251955804027448,-0.106005501462588,0.0419529362222377,0.371441266986197
"ln_RS[11]",1.00063303204236,1900.79467901494,-0.430405727869348,0.233394380435027,-0.87262979598555,-0.584318245583253,-0.43993689301085,-0.281885061923376,0.053004887157674
"ln_RS[12]",1.00073921735686,1772.89001191947,-0.428659688296403,0.220181368049185,-0.88323322023517,-0.565320712896229,-0.424281010900357,-0.286031408099084,0.000881693333057328
"ln_RS[13]",1.00087572517582,1412.88412048086,-0.491696990558491,0.240032281002665,-1.00604661924951,-0.636182169255509,-0.47707750691452,-0.331450574872791,-0.0540877554324473
"ln_RS[14]",1.00396830993161,676.055689711386,-0.390638121292392,0.316954939561729,-1.05374487915169,-0.593553229539613,-0.373006939624386,-0.176794992172921,0.192264340872166
"ln_RS[15]",1.00243350792406,1852.83212444989,-0.12351121479331,0.291981108084195,-0.707265453591554,-0.319754463644388,-0.122875358913626,0.0721998115024811,0.446926049427848
"ln_RS[16]",1.00158815616097,1717.04053762188,0.32580146205819,0.274264879811952,-0.208006002961551,0.141522263200974,0.329404932971912,0.508967835695928,0.865318546609403
"ln_RS[17]",1.0002017697529,2962.07338860488,0.252112451444965,0.262806228042673,-0.267291072811042,0.0804801969937166,0.251333428553205,0.422811616944808,0.779942321802682
"ln_RS[18]",1.00176110057433,844.092698811814,-0.291584169407653,0.326350296049212,-0.919741981550708,-0.5046325647974,-0.298582169503561,-0.0843459986397601,0.381989228287659
"ln_RS[19]",1.00401823793857,982.552456229034,0.00408800563503293,0.368192811807386,-0.68809757350129,-0.246292735657073,-0.00606209664387602,0.245788104387558,0.754170699019629
"ln_RS[20]",1.00719770758015,849.764244690279,0.0517593923524615,0.441983183009241,-0.753194568826853,-0.248397033509071,0.0321880939185339,0.322501480478017,0.990575797318298
"ln_RS[21]",1.00121487706323,3142.88571615452,0.0303281166275473,0.241903282494281,-0.44092103080786,-0.12321816546126,0.0255280126616357,0.181984033019742,0.534340774193328
"ln_RS[22]",1.00125251755372,2148.4222591646,0.0762010285774605,0.239371509508665,-0.362285652608636,-0.0811636604519896,0.061735132812986,0.218996155102689,0.59276587267837
"ln_RS[23]",1.00121005525943,1163.37999325176,0.41317686140179,0.228341753328493,-0.0813516261184107,0.273058378697614,0.431795045627874,0.567721850353565,0.815759735818684
"ln_RS[24]",1.00449438361532,655.874269509093,0.146957718001469,0.220790949819112,-0.339159148155105,0.0114944100866765,0.166824285475744,0.298371933471012,0.533450571268451
"ln_RS[25]",1.00479661053636,1130.77090231916,-0.0220564876913723,0.206152122727372,-0.473256458430562,-0.146209745961071,-0.00273620667130636,0.115479586740834,0.356376490230846
"ln_RS[26]",1.00191352280053,1471.40803548719,-0.989447704278335,0.212357064241972,-1.44159163427,-1.11819169783069,-0.980375583600605,-0.851634404240009,-0.58742260597535
"ln_RS[27]",1.00165307236893,1503.95872529394,-0.634902017942189,0.202422020528136,-1.04024238536185,-0.759337964688529,-0.634833662307753,-0.511298858853101,-0.218948300130448
"ln_RS[28]",1.00425206062709,580.264436622,-0.47343956783869,0.226236462811827,-0.860993291294174,-0.631424675125493,-0.496969958977317,-0.339748330321015,0.0313983135202909
"ln_RS[29]",1.01364709802264,387.55025498354,0.178589515724101,0.220951106217032,-0.197763829198781,0.020283782731668,0.157765126560855,0.313205974254863,0.659726856439263
"ln_RS[30]",1.00557055874367,931.306330056621,0.592359625339517,0.192580057147603,0.211687548380212,0.470438279752678,0.589441535361003,0.710914829528733,0.986874721783078
"ln_RS[31]",1.00671944626247,539.732054246298,0.496786887637327,0.20958642695107,0.124046093848187,0.352490308252365,0.478623312688195,0.624514116672493,0.948837794259389
"ln_RS[32]",1.00729731464574,403.23242031376,0.818902710236591,0.238862111204874,0.319438360993043,0.66232742336568,0.837075773427789,0.99583728927471,1.22128249276288
"ln_RS[33]",1.01137786546212,450.878702107985,0.763765002239292,0.223569678083874,0.274335640291527,0.62470706169703,0.787160096280711,0.921900810864255,1.14342336021217
"ln_RS[34]",1.00563683397412,680.507829685172,0.372182289275766,0.203025748914595,-0.0636636651027822,0.249586806666969,0.38602091771388,0.506027909498187,0.744878445885639
"ln_RS[35]",1.00474361821697,945.848493791985,0.175738334626644,0.199304422262137,-0.24515672031844,0.0526456134112832,0.18359468240487,0.305762368863308,0.5503860298193
"ln_RS[36]",1.00823917382961,787.418791301531,-0.466975528219144,0.202731128581249,-0.847535159305984,-0.600796077601018,-0.473567941961499,-0.339430275200407,-0.0495568438843535
"ln_RS[37]",1.00268209525213,1153.55534592855,-0.564771042111726,0.215249647306668,-0.959011575395584,-0.70854750633602,-0.576197829303705,-0.432482894199059,-0.100217685610353
"ln_RS[38]",1.00502055440124,748.494351985206,-0.815894367471255,0.247790798952904,-1.27146799676494,-0.988298326813995,-0.828116442788,-0.660487652026289,-0.288089217252378
"ln_RS[39]",1.00418029516157,845.606760039486,-0.358364986821976,0.299929617011127,-0.891264706341097,-0.567531676656273,-0.377473601198052,-0.171608895287229,0.282883355672776
"ln_RS[40]",1.00112919144228,1851.07069140003,-0.403396777122041,0.425921875520572,-1.24388043334789,-0.688564340958476,-0.404839201327123,-0.123822523775967,0.436995406845246
"ln_RS[41]",1.00187852104735,3137.2117864738,0.00861698169199558,0.472546914932459,-0.910963640940109,-0.303672513054334,0.00127543716680822,0.321652830750943,0.957744206739145
"lp_age[1]",1.00117997071984,1922.44485413956,-3.19727753118838,1.75636515907277,-6.98261561658742,-4.31032079273709,-3.1266257662977,-1.89718112023099,-0.222028633617011
"lp_age[2]",1.00097467230668,2794.03839163265,-3.14768304509105,1.58787156134703,-6.84519133969066,-4.05494444255568,-2.93042163916551,-1.99336831090295,-0.533483444239464
"lp_age[3]",1.00378613448297,1809.68589625021,-7.82591703718393,1.60021723602603,-11.7299040134087,-8.65917222356049,-7.51162588103369,-6.65565354085554,-5.66879370335344
"lp_age[4]",1.00306667950525,2503.75453554119,-4.08207937006534,1.36443175103107,-7.34112227042495,-4.83302216125059,-3.84976942171744,-3.09446136455151,-2.15116254692951
"lp_age[5]",1.00269753058937,823.471469735914,-4.16911976473225,0.99169248553939,-6.63404945245606,-4.68245299850267,-3.97705223060541,-3.44423482501407,-2.83536555516356
"lp_age[6]",1.00129596734586,546.699506389801,-4.93943811488189,0.961677740175215,-7.33290246164994,-5.42695070479877,-4.74527432793374,-4.2335438328386,-3.68786170086222
"lp_age[7]",1.01379957044502,496.728950147838,-7.41860479812049,1.23203151364438,-10.6156151700901,-8.01756562568501,-7.13229643613195,-6.52300894321395,-5.89750166323297
"lp_age[8]",1.00262426527473,1011.16019145293,-9.82861718324287,1.32987141508519,-13.2094832028481,-10.5031967141778,-9.5361478369793,-8.85021538161928,-8.14161467414699
"lp_age[9]",1.01757357532478,278.173709766715,-8.97625385300784,1.34788509148399,-12.2999357637987,-9.66447610981584,-8.68032181202022,-7.99005880648315,-7.23358791858889
"lp_age[10]",1.00656213288582,242.929505585078,-8.26583363816031,1.41825363710327,-11.635640537434,-9.01933385598841,-7.99170655865169,-7.21494643769975,-6.28569674141874
"lp_age[11]",1.00367178459616,1602.6194830113,-9.8377145226674,1.57451641987131,-13.7678830208955,-10.6684316679767,-9.52182949342966,-8.6799976398685,-7.73954436570988
"lp_age[12]",1.00531788394358,795.472179635471,-3.60512581806072,0.95496296618261,-5.87456565029874,-4.13626078912828,-3.46249107432049,-2.91327136167177,-2.18466601186305
"lp_age[13]",1.00226564971754,1206.82018808509,-9.92837413527096,1.65567313343237,-14.0052566048779,-10.8304776405917,-9.62928094202496,-8.70896466641982,-7.66532193077812
"lp_age[14]",1.00570754982615,713.129798968658,-8.19577062268286,1.56834959662973,-12.0502129886115,-9.00547141041244,-7.88814272721069,-7.03568107270426,-6.11231525544535
"lp_age[15]",1.00789740477788,854.072813730374,-8.59871326381246,1.55954735328138,-12.4273127179782,-9.39206252283581,-8.29300832909675,-7.43866834707336,-6.54670847456018
"lp_age[16]",1.00665704742678,866.856655020731,-4.48094971345289,1.12831122996099,-7.24686859330143,-5.11113055856184,-4.27324743710607,-3.64162643334333,-2.89365267901827
"lp_age[17]",1.00794072070808,780.044478863566,-6.57400634406713,1.37686593460203,-9.89988006179026,-7.29094508942556,-6.28159393735102,-5.55931660151979,-4.77390841252367
"lp_age[18]",1.00514300363765,1348.12386741143,-3.79654548991728,0.643798407568823,-5.44026682879368,-4.11753224811351,-3.65738343588583,-3.32509932710832,-2.96584663440009
"lp_age[19]",1.00049161317207,1398.48155797586,-3.36219922314582,1.29399544222614,-6.72822901749608,-3.95357936582134,-2.9982057259084,-2.43910010334158,-1.83690868137026
"lp_age[20]",1.00091768977874,2237.32480339043,-3.54983575997021,1.28717331610432,-6.76716445552164,-4.18827936478255,-3.23033330203038,-2.59119150148534,-1.9499811901307
"lp_age[21]",1.00639646342102,910.522810052696,-4.29549480171151,1.18203287566381,-7.03401778404224,-4.99290257964983,-4.11642416556497,-3.43887665643639,-2.50279568634905
"lp_age[22]",1.01317431634863,554.451472529252,-4.76017178922341,1.08969699384988,-7.35598991401515,-5.35867127084251,-4.60933816081569,-3.98057049870214,-3.09609232872255
"lp_age[23]",1.00331884140586,1266.96445013783,-4.35432284469412,1.06198069082954,-6.79520682049774,-4.97835762232483,-4.21334073682325,-3.57122850466355,-2.74150507450374
"lp_age[24]",1.0085256078808,557.834331166954,-7.02475285303481,1.0691038195015,-9.70184761954131,-7.57843510634977,-6.79709821776743,-6.23848513517339,-5.6373167894632
"lp_age[25]",1.00559469890575,1157.14181081849,-10.2112429798266,1.6249214900091,-14.2273483379383,-11.0574828319206,-9.84493950955601,-9.00830731200926,-8.11506159608116
"lp_age[26]",1.00528143961871,1103.21885279667,-11.5202077197521,1.52331151367591,-15.2949163342984,-12.3073722755889,-11.229811443425,-10.3991740706776,-9.46366656496147
"lp_age[27]",1.01403606958179,426.543151718575,-11.5283179131343,1.6214815826052,-15.5596469413757,-12.3628663299795,-11.1903404628066,-10.3276484478441,-9.39265100769161
"lp_age[28]",1.00526446447387,662.201141432711,-10.7324028535806,1.55559197362908,-14.570623916244,-11.5105500262619,-10.4187656910832,-9.57797813360406,-8.71018918684708
"lp_age[29]",1.00234114526333,1126.598427329,-11.527580712749,1.38806915113091,-14.9123394493705,-12.2625035931669,-11.2533660149697,-10.5002195752086,-9.67469150632071
"lp_age[30]",1.00298668022412,910.125015198089,-9.49735405591902,1.48423329745618,-13.2597856385442,-10.2264689874626,-9.16233071480008,-8.41354501883387,-7.62708495464766
"lp_age[31]",1.00523770224447,1169.31911468167,-11.635881962793,1.41837764487577,-15.1818319270381,-12.3337245863866,-11.3449623575633,-10.6108678476709,-9.78199789710698
"lp_age[32]",1.01166772320421,398.640936885237,-11.0069099747506,1.38257243143464,-14.4881061725401,-11.7039021414741,-10.7288061633295,-9.98430230477004,-9.2489259413987
"lp_age[33]",1.00105239417064,1261.6744939007,-13.2218163577392,1.52955285840537,-17.051865735093,-13.992351297295,-12.9092439976182,-12.1123274246456,-11.1922819202368
"lp_age[34]",1.00519157015591,1503.11557913118,-11.0817499790785,1.33784231749782,-14.4551013684139,-11.7554280452931,-10.7999504481501,-10.1011292626434,-9.36500246910863
"lp_age[35]",1.01659338023412,452.773890904831,-9.30947366543013,1.26615851766241,-12.4399955078292,-9.95578660076484,-9.03436443264951,-8.3628341085961,-7.70476056619034
"lp_age[36]",1.01669248509361,247.024211686077,-7.88554594569312,1.31854942106345,-11.1555565470906,-8.55128873267108,-7.60277897879249,-6.92073980139222,-6.18983976757586
"lp_age[37]",1.00173160990343,1187.36074578974,-10.8860333034074,1.5006202105919,-14.6932279696357,-11.6331761159194,-10.536829380907,-9.79003734377181,-9.00305483601659
"lp_age[38]",1.00177882640187,1166.58060589758,-7.44803146537886,1.10620506583004,-10.1689678832685,-8.03397206407094,-7.21302895942837,-6.62494218513415,-5.99626510418102
"lp_age[39]",1.00950765461059,792.205284700684,-10.0477867271169,1.34304342370201,-13.4543561091414,-10.7148506358982,-9.75716197024587,-9.06499493215676,-8.31835976242924
"lp_age[40]",1.00485774131938,572.242506873947,-7.85541633268705,1.70236684274207,-12.0961018954643,-8.77329219195926,-7.52595899026591,-6.5913834272102,-5.5327871302641
"lp_age[41]",NA,10000,0,0,0,0,0,0,0
"lp_esc[1]",1.00322004081561,678.906541486946,0.272869518908,0.829677596636233,-1.81569469765755,-0.0469496352201036,0.376855693979822,0.7316121890597,1.68591939600582
"lp_esc[2]",1.0027019869137,673.321073713735,0.257583228734897,0.851805654661482,-1.85117898264041,-0.0728724686860224,0.373017156548689,0.729188631077188,1.67399955766311
"lp_esc[3]",1.00407513199788,663.275059564123,0.242679302811663,0.854839230144419,-1.9523003422712,-0.0742392921090584,0.365064886557794,0.726399447387556,1.64946167779171
"lp_esc[4]",1.00255932361268,774.536498129301,0.264177447289986,0.825702958352924,-1.72333671160169,-0.0633199743663543,0.37492783656153,0.730673128498129,1.65236388374852
"lp_esc[5]",1.00432168804217,692.326655465449,0.064749364815485,1.03577939396991,-2.58335846211572,-0.359322176804699,0.267750906909191,0.693033951880502,1.63038570633501
"lp_esc[6]",1.00308999880504,604.462286990433,0.3617733779282,0.695902683629249,-1.28737806987276,0.0373598206128893,0.412968678865446,0.760127469299617,1.65801667274035
"lp_esc[7]",1.00543459081259,537.392664460948,0.394365857417028,0.656312067190406,-1.08040891364554,0.083657833601589,0.425466154797106,0.754210865480661,1.65027198921866
"lp_esc[8]",1.00379976827022,462.647370487696,0.381340328611635,0.676933050888423,-1.16537224953672,0.0690358717187075,0.418736585921128,0.760178452249179,1.67116798841995
"lp_esc[9]",1.0035812825905,601.811933932969,0.323348146314349,0.742571295127353,-1.49571842087607,0.00292652093860879,0.393340519652728,0.747535753655418,1.6516325909859
"lp_esc[10]",1.0035463903377,570.15157031361,0.374525655886563,0.674897146831013,-1.20098860683781,0.0554592056174841,0.412710851051914,0.750180626196884,1.65651015442851
"lp_esc[11]",1.00103702879598,561.792243266083,0.160870244623741,0.893429754280763,-2.0251200575976,-0.235933504055299,0.302385062606803,0.69442336550208,1.63169700630258
"lp_esc[12]",1.00331031974559,619.633047681667,0.318397281459629,0.754105560783821,-1.452053022153,-0.0133260586958369,0.382397130949352,0.739194505394222,1.6657152876465
"lp_esc[13]",1.00280800342856,459.159957413196,0.415194230277526,0.639584747008531,-0.987488183005486,0.100447850956302,0.434114975844999,0.767715628600257,1.69220012176868
"lp_esc[14]",1.00254313772792,662.277536674001,0.158674545555214,0.883242008419312,-1.96641975072015,-0.231507114109959,0.28340533475214,0.677813226595496,1.64116530579908
"lp_esc[15]",1.00256729948844,499.196541651052,0.431152223084512,0.606288740856915,-0.863707173263237,0.123908818400324,0.43852916106945,0.761898967110486,1.67801382676485
"lp_esc[16]",1.00506550590412,551.694956297625,0.393343938890718,0.657941706533347,-1.09330078435363,0.0881226806425769,0.427155305010657,0.752226086797526,1.66713829574678
"lp_esc[17]",1.00310774486668,605.338957756138,0.262066787308731,0.81596982873163,-1.67925550347986,-0.076842515148301,0.37640774968439,0.732550704049047,1.65155973044489
"lp_esc[18]",1.00468529533399,494.435463580561,-0.128657865249224,1.13909548734056,-2.87176176337777,-0.68437260649136,0.0881958346750038,0.614886216902254,1.63550157653684
"lp_esc[19]",1.00212884013722,669.295254623221,0.238799613946435,0.866400188602482,-1.95512416511931,-0.0989131888321069,0.356027135219104,0.730165890802374,1.6597107934559
"lp_esc[20]",1.00327577577587,637.045576507531,0.254889061869345,0.861219496555193,-1.89056972352567,-0.0670846001093411,0.372255479091447,0.736981729052312,1.65101810770292
"lp_esc[21]",1.00373472039732,543.909108948961,0.39864550112206,0.655254961363247,-1.03239578199189,0.0914791987210237,0.426002947900729,0.759549174062669,1.65996038576907
"lp_esc[22]",1.00288079795559,715.805419160704,-0.0422935997822279,1.07581972592113,-2.65558084188767,-0.550235950280155,0.144949420491504,0.637282809691917,1.64560312194999
"lp_esc[23]",1.00311528096898,714.142516177887,0.295313969853876,0.744871806690781,-1.49597287851603,-0.0454098752878419,0.359321955598409,0.720216176425717,1.64512362930685
"lp_esc[24]",1.00381774477193,524.901155615003,0.372106534615852,0.659238040383684,-1.07350016897063,0.0500118917375891,0.399014948771527,0.740500301592627,1.62519440889924
"lp_esc[25]",1.00303978100055,523.379134306534,0.412948947915874,0.640481110180283,-0.959557210013298,0.105454516386399,0.436246156000654,0.757083406118429,1.6616729682102
"lp_esc[26]",1.00557848524652,491.196000840056,0.410947838424005,0.632428099716019,-0.951633958281277,0.105330945374707,0.433989695575551,0.750584787254439,1.67687361102947
"lp_esc[27]",1.00302703345582,480.853163239243,0.366290826323585,0.689662836380837,-1.20633834411455,0.0540952806223412,0.411539041208744,0.744760042162872,1.64860414326785
"lp_esc[28]",1.00472689996766,469.787031166284,0.371069683809271,0.695217395244213,-1.26935541700164,0.0561582034586254,0.419795639411132,0.752507248903391,1.66298429634057
"lp_esc[29]",1.01019278715336,368.209377562548,0.195850638005562,0.851018648079113,-1.7901044044289,-0.208595043555067,0.304216160839113,0.711239402305755,1.64491515756142
"lp_esc[30]",1.00637748674085,473.153989619639,0.411883433330311,0.629682449916376,-0.934077961815389,0.112759758778388,0.429107407263839,0.749440095513858,1.65823533339281
"lp_esc[31]",1.00457110731679,504.148064713749,-0.373561462495799,1.24391166516765,-3.30018079642148,-1.03525647080994,-0.181667032385298,0.463457591373264,1.63770948018112
"lp_esc[32]",1.0038022658272,589.542504832119,0.0396538044135693,0.929914102899551,-2.19806989178574,-0.400810527438736,0.157593747927216,0.594416160574997,1.64600497394957
"lp_esc[33]",1.00796095783413,514.134182812476,0.283455541337059,0.743072519739859,-1.48840757912831,-0.0639566344740815,0.344573001850341,0.708197761756338,1.62345430250369
"lp_esc[34]",1.00611765591754,383.274516982334,0.449835483542785,0.581898558077087,-0.793451191918108,0.136075540377959,0.447098296334335,0.771393301188292,1.66081694271853
"lp_esc[35]",1.00439710046412,460.839583398158,0.429194400569209,0.604882605388182,-0.828654403784455,0.123079861140905,0.436521742289939,0.758735004683003,1.66094291081747
"lp_esc[36]",1.00773682011298,483.654158792789,0.123468610586799,0.882764664437491,-1.94821107826603,-0.316764297028302,0.235569968268946,0.666006756789612,1.63641044527699
"lp_esc[37]",1.00416722427434,475.498940189038,0.233379781968768,0.834409000649469,-1.80752394109196,-0.138035800739094,0.340159573328209,0.716466086570423,1.64455946008054
"lp_esc[38]",1.00791435178818,378.800011799637,0.37809586149043,0.668959265465085,-1.14979711916272,0.0562417920202722,0.418552692904153,0.760112939739417,1.65023593747541
"lp_esc[39]",1.00486676916,385.168080599067,0.42562148503184,0.62648090386029,-0.967085634741082,0.126893584636445,0.437179408699134,0.76578491438021,1.66064704860686
"lp_esc[40]",1.00448007223045,378.193541536093,0.433466635147585,0.62050957026707,-0.89356976078532,0.13049051855345,0.448289452693374,0.767115745843594,1.67933540873756
"lp_esc[41]",1.00424207960948,556.062111051842,0.219539772195138,0.833788898087062,-1.79988521138519,-0.151586947473472,0.329526790376506,0.700572911619116,1.65514654462743
"lp_esc[42]",1.00311881058359,519.38661326683,0.385861606077147,0.677619225827052,-1.13853204435449,0.0786672492699843,0.424771424755167,0.753127272983629,1.66470415786444
"lp_esc[43]",1.0013646892941,647.809714132288,0.038486045870622,1.00260929191023,-2.39677518763007,-0.420400489218314,0.202894210435129,0.648285655975859,1.69780786719635
"lp_esc[44]",NA,10000,0,0,0,0,0,0,0
"phi",1.00021540228536,4667.23389067158,0.658920995832975,0.143776128521533,0.343618935128212,0.569007018770513,0.670451083961324,0.762717946913736,0.90709777091706
"pi_eta[1]",1.05774057546911,54.1378414269775,0.0212721496510853,0.00461131865921063,0.0131073443408241,0.017984070477314,0.0209867721636919,0.0241904590861814,0.0310266865819999
"pi_eta[2]",1.00379649313854,1468.62797782458,0.359171703523797,0.0178089951292081,0.324096837079717,0.34749396037296,0.358748982599862,0.371068232835107,0.395655339966679
"pi_eta[3]",1.00390027303439,1439.06451801102,0.44400455550219,0.0185142913627698,0.406810406994021,0.431645507638463,0.444126787477439,0.456615919038357,0.479518833319201
"pi_eta[4]",1.00393684063056,841.469356890934,0.14467609956909,0.0129676474089448,0.120030838100118,0.135744337404206,0.144192489369041,0.15317873538735,0.17106556718026
"pi_eta[5]",1.0066461748836,208.027527509594,0.0237515883080896,0.00481562150176014,0.0154411607148787,0.0203716682009356,0.023326499506937,0.0267767753757872,0.0341818140759419
"pi_eta[6]",1.2830584329336,4.84323109468551,0.00712390344574822,0.0020473590717358,0.00400678407101859,0.00564164078257962,0.00680892278720132,0.00819189163406764,0.0119976233618295
"pi_tau",1.00862959637461,277.166022623383,28.1713520421213,4.52825413153692,20.2711169321054,24.9395629018035,27.8584215427141,31.0530780664703,37.9598988925821
"res_ln_Rec[1]",1.00042058773535,5742.16265941469,0.27132854302047,0.298189236334543,-0.335767911818837,0.0808021699316663,0.26834659656578,0.463508181737811,0.880697244078266
"res_ln_Rec[2]",1.00255787336174,1416.93668060173,-0.058602782397446,0.264946765129004,-0.580885483739951,-0.233737274907651,-0.0567649116433069,0.114862433524096,0.455079880840923
"res_ln_Rec[3]",1.00048056734511,5628.83905743537,0.138410095887959,0.251764042769762,-0.36153365140808,-0.0250867662425156,0.140252257516162,0.307755708165543,0.628269880099089
"res_ln_Rec[4]",1.00012719362081,4126.44241384911,0.502655804596118,0.247621637842276,0.0225504227412093,0.334522763512334,0.499823408868182,0.663747438860216,1.00616800692046
"res_ln_Rec[5]",1.00119663657919,2350.47941464099,-0.121483394407043,0.21087299009416,-0.558165970642558,-0.25950407088151,-0.117006786939814,0.0251953329552213,0.270718243445167
"res_ln_Rec[6]",1.00048004808656,4871.84022707264,0.291340955183208,0.192660105112475,-0.0917611917740149,0.16489631403167,0.293297978095154,0.418150476740212,0.675289069600822
"res_ln_Rec[7]",1.00254470114405,2487.25809426986,0.491289126889011,0.177331762341511,0.140543048385553,0.374758620559523,0.490362996682851,0.609724663740793,0.836883592676931
"res_ln_Rec[8]",1.0003529023164,5057.79296090774,-0.153324141486982,0.200851682614845,-0.534781601588332,-0.290648253833298,-0.161590500468043,-0.0192353382254598,0.247956391008381
"res_ln_Rec[9]",1.00265181189341,2217.70310112986,-0.0860910536440305,0.184573044882425,-0.447561531077623,-0.209743015387,-0.0880715662401084,0.036866026929435,0.276297591576033
"res_ln_Rec[10]",1.00031220515081,4059.35333670267,-0.308698902463557,0.193523615455996,-0.709503134966639,-0.432794365765115,-0.303920752116322,-0.179233541444355,0.0599177034103056
"res_ln_Rec[11]",1.00161203164974,2559.12974280098,0.00949934730782988,0.199902371552419,-0.389175688774327,-0.122980713126103,0.0124086425462808,0.14417432923246,0.397545425291413
"res_ln_Rec[12]",1.00034861502157,3495.84774471278,0.0950626940286688,0.189191747624471,-0.287392259316904,-0.0298574496252111,0.0968526473042761,0.222624933040995,0.457608829587828
"res_ln_Rec[13]",1.00021027916078,3360.17503513359,0.16592187608164,0.216517279547832,-0.26087019927455,0.0229877591910812,0.16436371354349,0.310495449204944,0.595475318800849
"res_ln_Rec[14]",1.00090476525078,3650.45173477713,-0.368007610970407,0.247765178102759,-0.868661728733881,-0.529012245991084,-0.360549885362752,-0.202276378603519,0.106371012880004
"res_ln_Rec[15]",1.00118678608399,3485.95883058728,0.140971801963252,0.227374482283606,-0.303226218724589,-0.0104841392499497,0.139842653826926,0.291889429441423,0.588323519088075
"res_ln_Rec[16]",1.00039222911924,2782.69337480714,0.310377020124678,0.218041722779554,-0.112145762185527,0.163931308494854,0.307605255768834,0.457009644425568,0.740917875464562
"res_ln_Rec[17]",1.00059320247303,3524.20866893654,-0.0122590019824284,0.262220362042336,-0.541643405051453,-0.184571594064491,-0.00846041645667217,0.165126746205953,0.492139208058226
"res_ln_Rec[18]",1.00068696306592,3189.18747591721,-0.224147349646747,0.289453872104499,-0.795628172827643,-0.411620904585493,-0.227468628098546,-0.035984738928116,0.351559100957671
"res_ln_Rec[19]",1.00083678043304,3898.2853333383,-0.263942514086186,0.263368030831356,-0.783328722713347,-0.439587936026852,-0.264905375926168,-0.0868177917371886,0.243777340634478
"res_ln_Rec[20]",1.00087009979775,6701.70600956188,-0.228113156788264,0.250966418454091,-0.723522179111586,-0.391664547849112,-0.225420928042118,-0.0630321451463973,0.260677424383418
"res_ln_Rec[21]",1.00180639179978,3101.65744330144,-0.0419029477039829,0.240050883756274,-0.530841596758109,-0.195171895213657,-0.0408056297202837,0.118145816869122,0.420727362712155
"res_ln_Rec[22]",1.00187519551832,3463.14311660037,-0.0557291165032721,0.203244787284457,-0.466734361082154,-0.18822106013711,-0.0545335515768075,0.078885006901408,0.344401921751948
"res_ln_Rec[23]",1.00090965753369,2243.55319486778,-0.160026424733785,0.189328145714896,-0.525861795065832,-0.287633602719277,-0.16053327649795,-0.0343423789418784,0.215757743011097
"res_ln_Rec[24]",1.00305839387397,2045.01762446579,-0.0282715005091799,0.157946840490824,-0.336792020332315,-0.133116801685455,-0.0271253933463242,0.0745695653842318,0.284865470412988
"res_ln_Rec[25]",1.00166566856313,3231.6944134251,-0.136386529075215,0.133080449226121,-0.40038622491219,-0.222908463795518,-0.13738433287587,-0.0478019436871762,0.124056774290729
"res_ln_Rec[26]",1.00085107112914,5079.87460147117,-0.527255204100476,0.218220396924119,-0.967199381587733,-0.668041071572552,-0.521927117077582,-0.380600953614239,-0.110852154186255
"res_ln_Rec[27]",1.00179055102921,4262.98846826,-0.114848571696009,0.196851471580031,-0.496577139019208,-0.245245139121852,-0.11605037564993,0.0152540773324992,0.278583753860999
"res_ln_Rec[28]",1.00289639134356,769.181701326416,-0.320386265147154,0.198701590938434,-0.699063854279532,-0.457821902298648,-0.3199981317939,-0.189223439359161,0.0801908397318888
"res_ln_Rec[29]",1.00152051234972,4546.05409873533,0.48419779908191,0.195468554425914,0.0944377244416691,0.353081787336791,0.48313539516654,0.613458491806151,0.872749365056588
"res_ln_Rec[30]",1.00405351446254,884.002989970321,0.0464692624068008,0.165884559058132,-0.276786628538959,-0.063275279312478,0.0432264466018317,0.153010318412424,0.382909360712706
"res_ln_Rec[31]",1.00348444297555,1468.31218495239,-0.188094704430341,0.150503211266955,-0.478230105573947,-0.288679406628048,-0.189970841294908,-0.0873754287372841,0.113813730904833
"res_ln_Rec[32]",1.00857178284845,424.814743492138,0.149444382538662,0.166157625008638,-0.166607930058769,0.0408872907340792,0.144381865367397,0.25404323022439,0.49187283857325
"res_ln_Rec[33]",1.00160900309613,2786.25997265829,0.166867533197526,0.187533106994545,-0.213610003574401,0.0442217367006825,0.167761565180177,0.288540700556772,0.533245436992042
"res_ln_Rec[34]",1.00116676144482,3022.84989279299,-0.0656443707129648,0.154794634393612,-0.376491209550787,-0.16780493564436,-0.0626570809262308,0.037041113411715,0.235919775922351
"res_ln_Rec[35]",1.00058935734845,3446.42142258569,-0.0501357399301715,0.15893199973165,-0.364977159629995,-0.155063893000516,-0.0487588292133418,0.0545617875858633,0.261363826936596
"res_ln_Rec[36]",1.0003577571864,2691.79150613363,-0.333957716627351,0.177190552733112,-0.688162177383262,-0.449149793691805,-0.330558169514928,-0.216596437646333,0.00859501081161329
"res_ln_Rec[37]",1.00082204064867,3481.11396601254,-0.174309914808406,0.179117250579805,-0.530261656354755,-0.291479544945192,-0.174642285102958,-0.055963821301046,0.181391959536041
"res_ln_Rec[38]",1.00282071709409,1020.29133247279,-0.342982287959452,0.206036481680916,-0.743255523302824,-0.482007676040893,-0.345199579998342,-0.207981856143926,0.0708327150532191
"res_ln_Rec[39]",1.00185246803579,1416.23446156502,0.289083641799969,0.250870241898678,-0.191464469855795,0.118888186518142,0.285210378118445,0.45436418372155,0.807600177880266
"res_ln_Rec[40]",1.00088393868511,4290.6691493029,-0.0376715678949231,0.343225202109222,-0.723949341970063,-0.260365476612378,-0.0347775478424852,0.183444523768812,0.632446814506036
"res_ln_Rec[41]",1.00012151607288,10000,-0.00837010697912916,0.3430408905093,-0.685266953297957,-0.231340909794289,-0.0110781445025916,0.215894853773182,0.672346750342106
"sigma_r",1.00044390440094,2638.86628989102,0.119281353728355,0.0432976519241561,0.056578706800212,0.0888561078253842,0.112164060708994,0.141366722927927,0.221974537897072
"sigma_s",1.01267965348594,232.587512467868,0.0508588282883787,0.0445629204540077,0.00349959930010799,0.0219927523419229,0.0407495760660864,0.0660727435249483,0.164799690703853
"tot_ln_Rec[1]",1.00222068226403,1378.94245159926,9.34887803470391,0.247753550357152,8.86378369134914,9.18426664353503,9.34965447115616,9.52057231835079,9.81788143477715
"tot_ln_Rec[2]",1.0030811825621,1574.02781145565,8.76231296585808,0.230415803430307,8.28795482614367,8.61501293547901,8.77222198036793,8.92023960548811,9.18272741134187
"tot_ln_Rec[3]",1.00256430414722,2089.51088605907,8.89783868600929,0.236535684792983,8.38958961905895,8.75042798574206,8.91116018998362,9.06231447468156,9.32092545014164
"tot_ln_Rec[4]",1.00319896414575,1748.61382598626,9.57555085116157,0.149990993364008,9.25845949794461,9.48122428357783,9.58325330972069,9.67741264586898,9.85158514887968
"tot_ln_Rec[5]",1.00122596376326,2147.63708262261,9.4078097428297,0.141212028983725,9.11516131198718,9.3179710989088,9.4127856297142,9.50271942346667,9.67244675304485
"tot_ln_Rec[6]",1.00084740368924,1635.7956850181,9.31079831878167,0.130720681904303,9.02964265585563,9.22905488787074,9.31606498792468,9.39892656106838,9.54781963771155
"tot_ln_Rec[7]",1.00182404970116,1106.04110738502,9.76960324956369,0.119283220112576,9.50293105324059,9.69895831846041,9.77886825488553,9.84878323090943,9.98087254089228
"tot_ln_Rec[8]",1.00160167178118,2210.14253282033,9.36130652797387,0.118669015601782,9.11475480023409,9.28663372115428,9.36253877564735,9.43803252340041,9.59108402199171
"tot_ln_Rec[9]",1.00082313160866,2239.37537345714,9.31671629950066,0.130755176549542,9.07748471415736,9.23112665669646,9.31071670635758,9.39839290900153,9.59389075975351
"tot_ln_Rec[10]",1.00175662364489,2957.88119909605,8.93022164099853,0.162424391080974,8.60069089100799,8.82623236630985,8.93291413167562,9.03693687962174,9.25316085041003
"tot_ln_Rec[11]",1.00221803289349,1607.81873046625,8.90663902616139,0.164262514223898,8.55971158167375,8.80498260453176,8.91473324402298,9.0195067359771,9.20359444134462
"tot_ln_Rec[12]",1.00338139575605,859.016553306295,8.86748794334535,0.160476476686072,8.51511909049767,8.77489739685879,8.88143573839337,8.97541618293774,9.14375127039387
"tot_ln_Rec[13]",1.00380183118601,715.111805470261,8.70443522746617,0.183973331922809,8.29990929906979,8.59515384285311,8.72144602477828,8.83091455440953,9.01575644812222
"tot_ln_Rec[14]",1.00220265265209,1194.83750768132,8.41759742061672,0.24359378539104,7.92164255595462,8.2595576510724,8.42431845305313,8.58395402957449,8.880873556214
"tot_ln_Rec[15]",1.00327366094903,1091.78049042254,8.8111457395332,0.262326842516217,8.27930553026453,8.63992901383139,8.80896415096254,8.98758885374344,9.31515958492336
"tot_ln_Rec[16]",1.00152533556864,1201.59409543428,9.12648650976241,0.239473127621562,8.64174602469481,8.97033665472467,9.13475023776873,9.28802061087043,9.58682366035936
"tot_ln_Rec[17]",1.001996571295,1743.93296100278,8.89472611289494,0.224567516423639,8.41507573257256,8.75082584724689,8.90647254973198,9.05152280246261,9.29897450358041
"tot_ln_Rec[18]",1.00068724481175,3409.44665315313,8.42060408854275,0.267904935679965,7.85844242976135,8.25487737343191,8.43009786432119,8.60369475500338,8.91526199415956
"tot_ln_Rec[19]",1.00033120136207,3094.44134147879,8.56520961636988,0.210086007540641,8.14416290315698,8.42901475111561,8.56720432612445,8.70390778894334,8.98301422441916
"tot_ln_Rec[20]",1.00221390005516,3502.75286897225,8.56655064801759,0.208391164980897,8.13964648721861,8.4338265079986,8.57266338062943,8.70661433482184,8.96792131534034
"tot_ln_Rec[21]",1.00120962346875,3527.60658640904,8.90844854650943,0.175838218845515,8.54428640612022,8.79918231795549,8.91227915472492,9.02545399197516,9.24061658048887
"tot_ln_Rec[22]",1.00307872966368,1346.42349413182,8.84047296134026,0.163197731892815,8.49483596308832,8.74245367720722,8.85030833175063,8.94944229974531,9.13291247237182
"tot_ln_Rec[23]",1.00093726359542,1074.31169429216,8.7475759923678,0.150523598424424,8.42732040415076,8.65809028539695,8.75809346375768,8.84873372503461,9.01613359192291
"tot_ln_Rec[24]",1.00640281991191,636.997254261061,8.63916021699041,0.137258089631003,8.3367756782658,8.55776334498075,8.65198658525685,8.73331991091156,8.87346225906916
"tot_ln_Rec[25]",1.00719077705104,587.675721471244,8.6068425827497,0.129563427661389,8.32248284643225,8.5301750747308,8.61969317108367,8.69354632664268,8.83178698133371
"tot_ln_Rec[26]",1.00343894776621,598.545473884715,7.79957140570883,0.146733391813344,7.4834963277542,7.71020098198078,7.80914883882776,7.90082960370599,8.05802472615303
"tot_ln_Rec[27]",1.00396399298547,694.107798009234,8.18072718524057,0.135501817974196,7.88628413350551,8.10120736200209,8.18932277959527,8.27083287534227,8.42488131850275
"tot_ln_Rec[28]",1.00331867490254,867.61439164348,8.21826914088146,0.130466272122211,7.98561681155386,8.12986679155247,8.20900824229405,8.30105814514931,8.50031367388662
"tot_ln_Rec[29]",1.00605422628589,1355.64654499905,8.84467573476086,0.118947452694333,8.6212458847729,8.76735013382006,8.83745339805383,8.91872541357814,9.09299046073955
"tot_ln_Rec[30]",1.00331901015296,1354.91379037298,8.90124750975718,0.112077817773507,8.66462801365415,8.83289669833123,8.90551750710249,8.97221967699987,9.1180228696136
"tot_ln_Rec[31]",1.00580172316286,577.189245040304,8.72161441980881,0.129190049618667,8.43374782702756,8.64585256422917,8.73240823502941,8.80971266130944,8.95085891848477
"tot_ln_Rec[32]",1.00913284407101,476.08407536903,8.8258653256192,0.143068155018732,8.50107351453535,8.7411860490537,8.84163872475609,8.92701841618827,9.0623754241098
"tot_ln_Rec[33]",1.00512100237868,553.020934063633,9.16840673741937,0.141339758251572,8.83715308607387,9.09155652061505,9.18476774752091,9.2623127708816,9.40804038692868
"tot_ln_Rec[34]",1.00178630399707,859.763080547354,8.98972899214086,0.135627696549635,8.69196144667,8.91162587862232,8.99903781645231,9.07975809331924,9.23082003192088
"tot_ln_Rec[35]",1.00205882229879,859.171620663319,8.92089533636137,0.139069555147299,8.62169990813748,8.83994026332092,8.92873645634484,9.011708054478,9.17579122560725
"tot_ln_Rec[36]",1.00239813816708,761.249744995681,8.43007521937455,0.157988043692879,8.08748135920456,8.33621632473469,8.44168387629323,8.53691398875914,8.71333041922491
"tot_ln_Rec[37]",1.00093697168265,1313.11332243218,8.40519078004831,0.15305913059891,8.07829056556264,8.31260706926751,8.4116555571877,8.50658353958293,8.69284099184378
"tot_ln_Rec[38]",1.00229493817623,1245.93444546481,8.1696018732346,0.176118486888791,7.83820180009892,8.05014589935445,8.16208887524036,8.28374256281533,8.5294794100673
"tot_ln_Rec[39]",1.00352325209818,1049.5827586254,8.58091329389316,0.249434188249644,8.12067439599938,8.41315232751124,8.57117377480515,8.73822296737003,9.09913709922121
"tot_ln_Rec[40]",1.00116535969447,2414.66573833421,8.34611370090778,0.411253472488777,7.53275235424716,8.07759344621155,8.34549576119817,8.61902917722497,9.13979779075884
"tot_ln_Rec[41]",1.00043528588346,4152.18956825701,8.57942420093372,0.459825089419374,7.66473647695492,8.27932342126174,8.57999347433606,8.87725987336317,9.4739345129369
